Name,Url,Authority,Started On,Finished On,License Number
ITIL® Foundation Certificate in IT Service Management,,EXIN,Sep 2015,,5482020.20449742
IBM Blockchain Essentials,https://www.youracclaim.com/badges/ac2e34c7-6471-405e-adfc-e7e2f4e80174/linked_in_profile,IBM,Jan 2018,,
Docker Essentials: Extend Your Apps With Containers,https://www.youracclaim.com/badges/97b83bd9-2b71-42a8-8d5c-0b0322f7216c/linked_in_profile,IBM,Mar 2018,,
Learning Laravel 4 (2014),https://www.linkedin.com/learning/certificates/a86b36b98191879d5d278b2da651dea4860a4bed1ab989c807e6aa5d47af84b8?trk=backfilled_certificate,LinkedIn,Mar 2018,,
Angular 5,https://www.udemy.com/certificate/UC-ZZ3VEN87/,Udemy,Apr 2018,,UC-ZZ3VEN87
Docker for Java Developers,https://www.linkedin.com/learning/certificates/ef0643ee2ae1235d921fcf760b8a6c6092f90a87f4a7eafa68d575529febdc4e?trk=backfilled_certificate,LinkedIn,Apr 2018,,
Ethereum For Blockchain Application Development,https://www.udemy.com/certificate/UC-VGJN0699/,Udemy,Apr 2018,,UC-VGJN0699
Getting Started with Docker,https://www.udemy.com/certificate/UC-8SS1SXW1/,Udemy,Apr 2018,,UC-8SS1SXW1
Devtools Pro,https://www.udemy.com/certificate/UC-CJJ0MRP9/,Udemy,Apr 2018,,UC-CJJ0MRP9
Laravel 5 Essential Training: 1 The Basics,https://www.linkedin.com/learning/certificates/22fe5d89bedf3bd79c8bf945fa95563cdf91c1d8554478dd6dba77d1fadc2b36?trk=backfilled_certificate,LinkedIn,Apr 2018,,
Elasticsearch Essential Training,https://www.linkedin.com/learning/certificates/b72b02fd045935ce05e8c3f44c02740522b593daf14f6693119da3da3144e6ef?trk=backfilled_certificate,LinkedIn,Apr 2018,,
IBM Blockchain Foundation Developer,https://www.youracclaim.com/badges/c8f92129-ec94-44b3-b839-6d3932d216bb/linked_in_profile,IBM,Apr 2018,,
Master Kubernetes,https://www.udemy.com/certificate/UC-32QFJYC8/,Udemy,Apr 2018,,UC-32QFJYC8
Blockchain: Beyond the Basics,https://www.linkedin.com/learning/certificates/5488dd24482cae90a926f9420356eb5a1080a5554cea3ebdce8e7ff45d5fdaa2?trk=backfilled_certificate,LinkedIn,Apr 2018,,
Scrum Fundamentals Certified,,SCRUMstudy - Accreditation Body for Scrum and Agile;Download Free Scrum Body of Knowledge(381 pages),May 2018,May 2021,626450
MongoDB Essentials,https://www.udemy.com/certificate/UC-02FR43OQ/,Udemy,May 2018,,UC-02FR43OQ
Development with Unity,https://www.udemy.com/certificate/UC-D1STGI8G/,Udemy,Jun 2018,,
Principles of Reactive Architecture,https://www.youracclaim.com/badges/e43b4552-d324-4031-bc26-5c46a5094f60/linked_in_profile,IBM,Jul 2018,,
MongooseJS Essentials,https://www.udemy.com/certificate/UC-YVWPBUAX/,Udemy,Jul 2018,,UC-YVWPBUAX
Node.js & MongoDB,https://www.udemy.com/certificate/UC-WAG87QQD/,Udemy,,,UC-WAG87QQD
Redis,https://www.linkedin.com/learning/certificates/dccb0bf07ea0660ef364e31c546d72681a6aaf022e7cf223d513fec585ea7114?trk=backfilled_certificate,LinkedIn,Jul 2018,,
Ethereum: Building Blockchain Decentralized Apps (DApps),https://www.linkedin.com/learning/certificates/f8897f75325f2c9848be55e9b3307ed2d3925fe9c46d317f839fc96c413ee7da?trk=backfilled_certificate,LinkedIn,Jul 2018,,
Agile Project Management Principles,https://www.linkedin.com/learning/certificates/2bab1133dd18dd513dfafc6d166002d66ba18399a7d156e9381ffe0dfed93f89?trk=backfilled_certificate,LinkedIn,Jul 2018,,
Node.js,https://www.linkedin.com/learning/certificates/3a11da8a8c29cf9365969baa5dfe3445d636c85165cdaab1c29ba22dbef28e35?trk=backfilled_certificate,LinkedIn,Jul 2018,,
React: Ecosystems,https://www.linkedin.com/learning/certificates/e9e846cf4d67f41b24ecf92f8f5f613634fabd1772148c8975edee035a38429e?trk=backfilled_certificate,LinkedIn,Jul 2018,,
UX Foundations: Research,https://www.linkedin.com/learning/certificates/69c007c4a5fc23036ed10468e5fb46f777c7c841d3ace826c6cbd3748a7bcbb8?trk=backfilled_certificate,LinkedIn,Jul 2018,,
UX Foundations: Prototyping,https://www.linkedin.com/learning/certificates/6a7ee070276999b50e90ee552ad2390984b5822df09a85209e247d17d3f50444?trk=backfilled_certificate,LinkedIn,Jul 2018,,
Blockchain: Understanding Its Uses and Implications,https://courses.edx.org/certificates/fe83d32c9aeb42beaf4184407bd424c3,The Linux Foundation,Aug 2018,,fe83d32c9aeb42beaf4184407bd424c3
Artificial Intelligence Foundations: Thinking Machines,https://www.linkedin.com/learning/certificates/66a8aa6faec5a5f6e018a4b8abdcedebb427b8d632593b518c3e360a547de51c?trk=backfilled_certificate,LinkedIn,Aug 2018,,
UX Foundations: Interaction Design,https://www.linkedin.com/learning/certificates/e16349b93d3c8cb93ba5c6796b30762c1003916538ef7799857c327ffae41ba3?trk=backfilled_certificate,LinkedIn,Aug 2018,,
UX Foundations: Usability Testing,https://www.linkedin.com/learning/certificates/501eb2e22381283f1446b8bd950ccc0cbd05db645d025ae1d01bc0664da387ae?trk=backfilled_certificate,LinkedIn,Aug 2018,,
Building Deep Learning Applications with Keras 2.0,https://www.linkedin.com/learning/certificates/e4f846e94a112e328e010191ee1d22556b7e4cd88ea8a6799a53bfa9d5f2de29?trk=backfilled_certificate,LinkedIn,Aug 2018,,
Improve Your UX Design Skills,https://www.linkedin.com/learning/certificates/2443072deda0bd8ad12075d51bbce39f7269b7ba10cf1c6be44b10b1024c1005?trk=backfilled_certificate,LinkedIn,Aug 2018,,
Learning NGINX,https://www.linkedin.com/learning/certificates/1b73fb5f6622357db3c0216065885aa886fb1253f5387e5643abf689ead79eaa?trk=backfilled_certificate,LinkedIn,Aug 2018,,
Managing a Cross-Functional Team,https://www.linkedin.com/learning/certificates/ae988dbaf69e1efe08f5756577a3aa97bbadb9b8d918944b16eac8efb4fea478?trk=backfilled_certificate,LinkedIn,Jan 2019,,
Getting Started with Elasticsearch,https://www.udemy.com/certificate/UC-2WRLWBA3/,Udemy,Feb 2019,,
Blockchain Basics,https://www.linkedin.com/learning/certificates/97a7d8d14d1ea4d5abc30d34e038d09d3cffa11d0134b1841774bec08af26177?trk=backfilled_certificate,LinkedIn,Feb 2019,,
Introduction to Apache Cassandra,https://academy.datastax.com/course/5996/certificate/print,DataStax,Mar 2019,,
DataStax Enterprise 6 Foundations of Apache Cassandra™,https://academy.datastax.com/course/7829/certificate/print,DataStax,Mar 2019,,
Highcharts,https://www.udemy.com/certificate/UC-DBTUWAU8/,Udemy,Mar 2019,,
Blockchain Basics,https://www.coursera.org/account/accomplishments/verify/GG7A4DSABDHK,Coursera,Mar 2019,,GG7A4DSABDHK
AWS Concepts,https://www.udemy.com/certificate/UC-QO4BQVFO/,Udemy,Apr 2019,,
IBM Blockchain Foundation for Developers,https://www.coursera.org/account/accomplishments/verify/GP7WDYUZM4PN,Coursera,Apr 2019,,GP7WDYUZM4PN
Software Architecture Foundations,https://www.linkedin.com/learning/certificates/d822785ba1b70a62140ec7b1529df133d89e6532f179c6a9374b0dd463d53392?trk=backfilled_certificate,LinkedIn,Apr 2019,,
DS220: DataStax Enterprise 6 Practical Application Data Modeling with Apache Cassandra™,https://academy.datastax.com/path/8277/certificate/print,DataStax,Apr 2019,,
API Design and Fundamentals of Google Cloud's Apigee API Platform (with Honors),https://www.coursera.org/account/accomplishments/verify/D3G38YGH43DF,Coursera,Apr 2019,,D3G38YGH43DF
Cryptocurrency Foundations,https://www.linkedin.com/learning/certificates/d7056912b3ab34733943cec9f280a59220653d82605431de27ed2f57f74e853f?trk=backfilled_certificate,LinkedIn,Aug 2019,,
Advance Your Skills in the Blockchain,https://www.linkedin.com/learning/certificates/f0b0154025cdead325036e305dbb098d53d48670b383b32d28e376e6ee3e8150?trk=backfilled_certificate,LinkedIn,Aug 2019,,
RPA: Automation Anywhere,https://www.linkedin.com/learning/certificates/513bea4961f6553452d62ba085d2cdb4e24acf210d4c9f668e9bf57917049745?trk=backfilled_certificate,LinkedIn,Sep 2019,,
Learning R,https://www.linkedin.com/learning/certificates/925f2db77806ee27159080a4590a28f9bdd4e370c1c21bacdaea2c65f9936e44?trk=backfilled_certificate,LinkedIn,Jan 2020,,
Data Analysis with Python,https://courses.cognitiveclass.ai/certificates/aed7abccd9204b358803118880fc16b1,Cognitive Class,Jan 2020,,aed7abccd9204b358803118880fc16b1
Python for Data Science,https://courses.cognitiveclass.ai/certificates/76514cc8609d438fac7ef3b77ced5fda,Cognitive Class,Jan 2019,,76514cc8609d438fac7ef3b77ced5fda
Python for Data Science,https://courses.cognitiveclass.ai/certificates/76514cc8609d438fac7ef3b77ced5fda,Cognitive Class,Jan 2020,,76514cc8609d438fac7ef3b77ced5fda
Data Visualization with Python,https://courses.cognitiveclass.ai/certificates/ad2b8666c87d4d77b917bc73d458b9b4,Cognitive Class,Jan 2020,,ad2b8666c87d4d77b917bc73d458b9b4
Applied Data Science with Python - Level 2,https://www.youracclaim.com/badges/3d891c3c-7dca-4475-b0e6-ca08fd4120b7/linked_in_profile,IBM,Jan 2020,,
Learning Python,https://www.linkedin.com/learning/certificates/754dc2898d41b439df2a43368767c114188c83ccdd29d28ba6c091e2c6e1a727?trk=backfilled_certificate,LinkedIn,Jan 2020,,
Python for Data Science,https://www.youracclaim.com/badges/e3605395-9143-4a9f-8a7d-63646ee313c6/linked_in_profile,IBM,Feb 2020,,
Statistics,https://courses.cognitiveclass.ai/certificates/942ef7e9677d4151ab33959ab976a3ad,Cognitive Class,Feb 2020,,942ef7e9677d4151ab33959ab976a3ad
Data Visualization using Tableau,https://olympus1.greatlearning.in/course_certificate/GDTEODQJ,Great Learning,Jun 2020,,GDTEODQJ
R Programming Language R - 101,https://courses.cognitiveclass.ai/certificates/3074dfcca4c54d01accc6e1119dee166,Cognitive Class,Jun 2020,,3074dfcca4c54d01accc6e1119dee166
Introduction to R,https://olympus1.greatlearning.in/course_certificate/FSWDGUTU,Great Learning,Jun 2020,,FSWDGUTU
Digital Analytics & Regression,https://courses.cognitiveclass.ai/certificates/2127feef1dff4e9fb0dec9dd41d9be44,Cognitive Class,Jun 2020,,2127feef1dff4e9fb0dec9dd41d9be44
Data Analysis with Python,https://coursera.org/share/f437ce0e6e12c856273044a2c283852f,IBM,Jun 2020,,CCRUAFD9TBMH
Introduction to Data Science,https://courses.cognitiveclass.ai/certificates/3e28a5e63a88402eb31c5f444868e18e,Cognitive Class,Jun 2020,,3e28a5e63a88402eb31c5f444868e18e
Data Science Hands-On with Open Source Tools,https://courses.cognitiveclass.ai/certificates/b4c2d05e8f9b46ac867b54f9d71366ef,Cognitive Class,Jun 2020,,b4c2d05e8f9b46ac867b54f9d71366ef
Data Science Methodology,https://courses.cognitiveclass.ai/certificates/f8399d56366e4ab8b5c7324459a8a3bd,Cognitive Class,Jun 2020,,f8399d56366e4ab8b5c7324459a8a3bd
Data Science Foundations - Level 2 (V2),https://www.youracclaim.com/badges/bb5805ee-251e-4895-92a7-715bac99c4f1/linked_in_profile,IBM,Jun 2020,,
Introduction to Statistics for Data Science,https://open.sap.com/certificate/render?course_id=fdd6ac1d-7e13-491f-9b01-df3efe1a6ee8&type=RecordOfAchievement,SAP,Jun 2020,,
The Data Scientist’s Toolbox,https://coursera.org/share/0f1ddab9e03c2bae15372df1bcdc05b3,John Hopkins University SAIS Online,Jun 2020,,M53EEUGUC87P
Fundamentals of Visualization with Tableau,https://coursera.org/share/b100eae607d93418a5c2038302e2ae45,"University of California, Davis",Jul 2020,,N2AQEXMGD6
Essential Design Principles for Tableau,https://coursera.org/share/ff38523b59e1b548c7b0ffbcef7df5ea,"University of California, Davis",Jul 2020,,9TKXPJ6M4GU2
Visual Analytics with Tableau,https://coursera.org/share/2a44894b2147c5d48f82cb984bb7bf7d,"University of California, Davis",Jul 2020,,NBBECF5XRBRY
Creating Dashboards and Storytelling with Tableau,https://coursera.org/share/81789f45e83de0d970b25f4c79cb70e2,"University of California, Davis",Jul 2020,,RQTXP2KKYBXY
IBM Data Science Professional,https://coursera.org/share/bacc3ea35db42bfb3adf62838c1f8c30,IBM,Jul 2020,,bacc3ea35db42bfb3adf62838c1f8c30
IBM Data Science,https://coursera.org/share/bacc3ea35db42bfb3adf62838c1f8c30,IBM,Jul 2020,,
Applied Data Science,https://coursera.org/share/a8bece25c6203bb9eb4e306309864d9b,IBM,Jul 2020,,
Introduction to Data Science,https://coursera.org/share/cc414956e4c73b21361f0a96e4f0ccea,IBM,,,
Data Visualization with Tableau Specialization,https://coursera.org/share/919416c9a42342f57a3e2ec7f621215a,"University of California, Davis",Sep 2020,,
Data Visualization with Tableau Project,https://coursera.org/share/c4fb28bfb78f03bd7d4c6ab7e6ce1fee,"University of California, Davis",Sep 2020,,
Analyzing Big Data in R using Apache Spark,https://courses.cognitiveclass.ai/certificates/3d25f2b0708940bcbd94db6ed19be832,Cognitive Class,Mar 2021,,
Game-playing AI with Swift for TensorFlow (S4TF),https://courses.cognitiveclass.ai/certificates/c63b52bf8e4249708c8f76a1125413e6,Cognitive Class,Mar 2021,,
IBM Cloud Essentials - V3,https://courses.cognitiveclass.ai/certificates/6cfb493aa3504517bff7ea58dc603d42,Cognitive Class,Mar 2021,,
MapReduce and YARN,https://courses.cognitiveclass.ai/certificates/ad3e02b869424655b7507db87824b610,Cognitive Class,Mar 2021,,
Digital Analytics & Regression,https://courses.cognitiveclass.ai/certificates/1b03d212b5eb4b68b86b518e4fb005df,Cognitive Class,Mar 2021,,
Using HBase for Real-time Access to your Big Data,https://courses.cognitiveclass.ai/certificates/81e820fc78b246988293d5a19efc6f9b,Cognitive Class,Mar 2021,,
Docker Essentials: A Developer Introduction,https://courses.cognitiveclass.ai/certificates/98c3c99e7f2941feaf12318c3510bc1a,Cognitive Class,Mar 2021,,
Big Data 101,https://courses.cognitiveclass.ai/certificates/a02fb5bf8fd5442caa921a96644fb600,Cognitive Class,Mar 2021,,
Deep Learning with TensorFlow,https://courses.cognitiveclass.ai/certificates/b52726e5d59540f681bd210abf0cc16a,Cognitive Class,Mar 2021,,
DataOps Methodology,https://courses.cognitiveclass.ai/certificates/be13734e7f5e4a5e85b00bffca52b83c,Cognitive Class,Mar 2021,,
Build Your Own Chatbots,https://courses.cognitiveclass.ai/certificates/f6c31d01fac742e9970f56a58e02d4a7,Cognitive Class,Mar 2021,,
Hadoop,,Cognitive Class,Mar 2021,,https://courses.cognitiveclass.ai/certificates/b880a797bdcc4f56973e7a033eda0139
Spark Fundamentals I,https://courses.cognitiveclass.ai/certificates/591a863df0fa4b8d8bddf0fa8ba73882,Cognitive Class,Mar 2021,,
PySpark,verify.greatlearning.in/FJKCINNI,Great Learning,May 2021,,
Introduction to Machine Learning with KNIME,https://www.linkedin.com/learning/certificates/d81b0fa464daf97651a096033997f694cab183f6c591ec4fc2313406f9c9f00d?trk=backfilled_certificate,LinkedIn,Jun 2021,,
End to End Data Science Practicum with Knime,https://udemy-certificate.s3.amazonaws.com/pdf/UC-1e0ce1d8-c247-4137-bdc4-915df8a3a995.pdf,Udemy,Jun 2021,,
The Data Science of Marketing,https://www.linkedin.com/learning/certificates/fc7ba4a7a398db52985f1c34b1e68a39bcf3220f8f90eba69e2b532052a6cc39?trk=backfilled_certificate,LinkedIn,Jul 2021,,
Ace Your Annual Review,https://www.linkedin.com/learning/certificates/994a89d9dd89ed92d92933afda1ff37d49f33a5f339f77025eee1eea48d8a968?trk=backfilled_certificate,LinkedIn,Jul 2021,,
Leveraging Cloud-Based Machine Learning on Azure: Real-World Applications,https://www.linkedin.com/learning/certificates/bcc2500a6026afc78f000996dc7bf5b0e827e0ff6eebbd57ba5bb49902a988e1?trk=backfilled_certificate,LinkedIn,Jul 2021,,
Apache PySpark by Example,https://www.linkedin.com/learning/certificates/7d2e80d629705cffdeae95d810a76c26540adbb7052fc1e52522e7e52418adfc?trk=backfilled_certificate,LinkedIn,Jul 2021,,
PowerPoint: Eight Easy Ways to Make Your Presentation Stand Out,https://www.linkedin.com/learning/certificates/36d3b58b8d16f781dd410677869d890dfe820e0b44a54a0766eca2f03616c69d?trk=backfilled_certificate,LinkedIn,Aug 2021,,
Optimize Supply Chains with Analysis in Google Sheets,https://www.coursera.org/account/accomplishments/certificate/ADWGT55KABC9,Coursera,Aug 2021,,ADWGT55KABC9
SAS® 9.4 Cert Prep: Part 01 SAS Programming Essentials,https://www.linkedin.com/learning/certificates/479792c486ee793d199feedb11845aa27e136cabc185733592d724fc6dc12cf6?trk=backfilled_certificate,LinkedIn,Sep 2021,,
SAS® 9.4 Cert Prep: Part 03 Exploring and Validating Data,https://www.linkedin.com/learning/certificates/c69931a8a433c163007fa7348202b8d2c0a1d4cd36274a8629ba5ab7166ddd82?trk=backfilled_certificate,LinkedIn,Oct 2021,,
SAS® 9.4 Cert Prep: Part 04 Preparing Data,https://www.linkedin.com/learning/certificates/68d9bccbcadff37d8cd1390c9564b109a45e5071809ca6e57df2e566f1f34c63?trk=backfilled_certificate,LinkedIn,Oct 2021,,
SAS® 9.4 Cert Prep: Part 05 Analyzing and Reporting on Data,https://www.linkedin.com/learning/certificates/a816226356097526e483338ca722b21a677029f04c44b9066c179242362530c2?trk=backfilled_certificate,LinkedIn,Oct 2021,,
SAS® 9.4 Cert Prep: Part 06 Exporting Results,https://www.linkedin.com/learning/certificates/b75f43f07d6f456b1b0fb85d117279200310eb1256171547241a338023fd3dfe?trk=backfilled_certificate,LinkedIn,Oct 2021,,
SAS® 9.4 Cert Prep: Part 07 Using SQL in SAS,https://www.linkedin.com/learning/certificates/61fd78349e829ae39895e4907262472fba6c698996c542a5a0e2702045276bc7?trk=backfilled_certificate,LinkedIn,Oct 2021,,
SAS Programming 1: Essentials,https://www.credly.com/badges/d3a50da0-fe0d-4d49-8582-8c2d90380400?source=linked_in_profile,SAS,Oct 2021,,
SAS® 9.4 Cert Prep: Part 08 Controlling Data Step Processing,https://www.linkedin.com/learning/certificates/9b985e7ee0241ed52b2a903ee467f2da03c1f74a4fdaccafd06e84a71b1fa255?trk=backfilled_certificate,LinkedIn,Oct 2021,,
SAS® 9.4 Cert Prep: Part 09 Summarizing Data,https://www.linkedin.com/learning/certificates/d38c2c458ef6d00721de847376f3e6b001bdaeb95d6414933795c217ba2ab050?trk=backfilled_certificate,LinkedIn,Oct 2021,,
15 Mistakes to Avoid in Data Science,https://www.linkedin.com/learning/certificates/4b54140d23b6faa677bb8cd64b88a1ea850dfd59057eaf589d5841ced55bbfa7?trk=backfilled_certificate,LinkedIn,Jan 2022,,
Mistakes to Avoid in Machine Learning,https://www.linkedin.com/learning/certificates/1cb318e00dedd8953fe666770ed2e56a06389ae2495563e60bd1673d5fae12b7?trk=backfilled_certificate,LinkedIn,Jan 2022,,
SAS® 9.4 Cert Prep: Part 10 Manipulating Data with Functions,https://www.linkedin.com/learning/certificates/bddab16dbad7dee2d327df1fcbaf517f394396bf8f612006887d8512c3ebd22c?trk=backfilled_certificate,LinkedIn,Feb 2022,,
SAS® 9.4 Cert Prep: Part 11 Creating and Using Custom Formats,https://www.linkedin.com/learning/certificates/46241fbcaee376f8fbd66d7da60f3e18c1fe3aa3a41bde4ebc123234af4dc557?trk=backfilled_certificate,LinkedIn,Feb 2022,,
SAS® 9.4 Cert Prep: Part 12 Combining Tables,https://www.linkedin.com/learning/certificates/cd8bc2e32c2303808108fc0e8d039c0ca8a24d45a1fd78ce176f37ac835ce200?trk=backfilled_certificate,LinkedIn,Feb 2022,,
Data Science on Google Cloud Platform: Predictive Analytics,https://www.linkedin.com/learning/certificates/d2b0ce88627f5bda73876f06f2f22ca12adecd473e98c35a08b318c93554c054?trk=backfilled_certificate,LinkedIn,Feb 2022,,
Safeguarding AI,https://www.linkedin.com/learning/certificates/a2afb998f3b67c5e7182ba9198d97227b6a116392fa7df3e8a20419d8e253626?trk=backfilled_certificate,LinkedIn,Feb 2022,,
Statistics Foundations: The Basics,https://www.linkedin.com/learning/certificates/9c842bdf60a510e9863e67c54871b033413a109885204b174568bb3b08bb2a52?trk=backfilled_certificate,LinkedIn,Feb 2022,,
AI The LinkedIn Way: A Conversation with Deepak Agarwal,https://www.linkedin.com/learning/certificates/b12a1c7e8ea356a01956f1c0a6df6307f4956012cd11cec7f15e86f8685355f7?trk=backfilled_certificate,LinkedIn,Feb 2022,,
The 7 Secrets of Responsive Leadership (getAbstract Summary),https://www.linkedin.com/learning/certificates/b87816aeb8edab52d501059458cf965b718291332207bd67a60105da2d6abaa0?trk=backfilled_certificate,LinkedIn,Feb 2022,,
The Five Most Important Questions You Will Ever Ask About Your Organization (Blinkist Summary),https://www.linkedin.com/learning/certificates/51b6ef47208911cfb02f39a13727f7af636ec3d1f994f5f7f12502fadb703f76?trk=backfilled_certificate,LinkedIn,Feb 2022,,
Change Management Tips for Individuals,https://www.linkedin.com/learning/certificates/6a3f8b00db0ae560f81191e73cf235203e05b24eb763128d038e138911a133cd?trk=backfilled_certificate,LinkedIn,Feb 2022,,
Communicating in the Language of Leadership,https://www.linkedin.com/learning/certificates/4148dee14b94d79f9ab57521e494ca78798e93aa812c6b15391adbc60fda5901?trk=backfilled_certificate,LinkedIn,Feb 2022,,
Demonstrating Accountability as a Leader,https://www.linkedin.com/learning/certificates/8413ccd87f1ac5efbb68c8304c0b8f2f673514d824b4e2cf34ea20bbdb126b35?trk=backfilled_certificate,LinkedIn,Feb 2022,,
Telling Stories with Data,https://www.linkedin.com/learning/certificates/89d992e3d7fd9f33f9fb6efd84d64c9cf06f318905c5abaeee72aa8d03e17cd5?trk=backfilled_certificate,LinkedIn,Feb 2022,,
Professional Networking for Career Starters,https://www.linkedin.com/learning/certificates/90cdcf310e47fcdeebb8c395295fb022e9f6562990445db4b65efd28bde13b77?trk=backfilled_certificate,LinkedIn,Feb 2022,,
GitHub for Data Scientists,https://www.linkedin.com/learning/certificates/d08bfb719f28c89bbfdf9a86b35babc400d8126db82ebd81f3c6d6a862e11773?trk=backfilled_certificate,LinkedIn,Feb 2022,,
Machine Learning with Scikit-Learn,https://www.linkedin.com/learning/certificates/289a7c1aa28ad74150ecccc89ebc5c99d5e2ff700db91f1c2608a5ccf9795eda?trk=backfilled_certificate,LinkedIn,Feb 2022,,
NoSQL Essential Training,https://www.linkedin.com/learning/certificates/85605ff6f9dad6e1683f4ad085a3a70a3140cf5b596cd0b5f2dd48849bc7f3a3?trk=backfilled_certificate,LinkedIn,Feb 2022,,
Apache Spark Deep Learning Essential Training,https://www.linkedin.com/learning/certificates/66bb9b4e6454ce4923eb587dda1b654844748493c596b688afac7f1107fd0cef?trk=backfilled_certificate,LinkedIn,Feb 2022,,
Azure Machine Learning Development: 2 Learning ML Studio,https://www.linkedin.com/learning/certificates/f9eedd44dabf3b6a6ed890aecdad29ceb46ee4902156aa8e77cba62cc7f21007?trk=backfilled_certificate,LinkedIn,Feb 2022,,
Managing Jira Projects: 3 Helpful Concepts and Features,https://www.linkedin.com/learning/certificates/5dc7a100ba1779ce68c004688a6afafe95fe079bd0236e97cfd8bd46720bac83?trk=backfilled_certificate,LinkedIn,Feb 2022,,
ITIL® Foundation 4 First Look,https://www.linkedin.com/learning/certificates/dcfc138c5d26fdc55ff82a77d2e3424e3bdbcf0edd86370e12473635d46ea9b5?trk=backfilled_certificate,LinkedIn,Feb 2022,,
Python vs. R for Data Science,https://www.linkedin.com/learning/certificates/fb46db41506c2f1e45b9c2f19e6c7fece41765f16536361e4ea94cb23bd4e6b8?trk=backfilled_certificate,LinkedIn,Feb 2022,,
Hands-On Data Science: 1 Analyzing Employee Data with SQL,https://www.linkedin.com/learning/certificates/7b6640254941517141b3877570a954cb214220c6fe4f6aedf3b9d1bc6eb2b66c?trk=backfilled_certificate,LinkedIn,Feb 2022,,
Python 3.10 First Look,https://www.linkedin.com/learning/certificates/57f35481b9b53c658db248cd0cd5bc396e2cb272a9afd50788caafb25163f11f?trk=backfilled_certificate,LinkedIn,Feb 2022,,
Lean Technology Strategy: Starting Your Business Transformation,https://www.linkedin.com/learning/certificates/a3045680801339b7b2b3a467454c5a8c014fefce53646a79f82693e7804a910e?trk=backfilled_certificate,LinkedIn,Feb 2022,,
Learning SSH,https://www.linkedin.com/learning/certificates/b21d94467783352f45641cc7ae88bbcbd1761d0a4d2c739e684090940b0dc84e?trk=backfilled_certificate,LinkedIn,Feb 2022,,
Azure Arc First Look,https://www.linkedin.com/learning/certificates/e4d6a68d3dbcb5575a1daaa63e58733c0b5061235db88c3e2c6200762c9a8d3e?trk=backfilled_certificate,LinkedIn,Feb 2022,,
Text Analytics and Predictions with Python Essential Training,https://www.linkedin.com/learning/certificates/e2b4f12a0832365fc2d4899465a7004898b98e2647b27cf1a706e400a0ff0d21?trk=backfilled_certificate,LinkedIn,Feb 2022,,
JMeter: Performance and Load Testing,https://www.linkedin.com/learning/certificates/4a005bb14dbb56b32cf0cdb8022a5aa0c6bd64b2626ae67341d12c1d539f23b0?trk=backfilled_certificate,LinkedIn,Feb 2022,,
Processing Text with Python Essential Training,https://www.linkedin.com/learning/certificates/9abb9b994354af768cc68833e49477339b60fec28d439db049083e6bcfded9c6?trk=backfilled_certificate,LinkedIn,Feb 2022,,
Business Analytics: Marketing Data,https://www.linkedin.com/learning/certificates/eb49043fa2a6e06fd6fa2e4584c5833ef5f34ee873801503559b5b4914847b62?trk=backfilled_certificate,LinkedIn,Feb 2022,,
Data Rights Foundations,https://www.linkedin.com/learning/certificates/39b7138ec43176d1a568d6157f5c2a299aeeada7bcb401de96c0fd5934c91ad8?trk=backfilled_certificate,LinkedIn,Feb 2022,,
People Success: Employee Assessments,https://www.linkedin.com/learning/certificates/4425fac2ce285615f05cd2734fc42dc84ef7899134c37664ff257dfd661c1485?trk=backfilled_certificate,LinkedIn,Feb 2022,,
Becoming Head of Sales: Developing Your Playbook,https://www.linkedin.com/learning/certificates/59eaf084aa6ae981e672543037711ddc9828414f5588052faf28d339ffe65122?trk=backfilled_certificate,LinkedIn,Feb 2022,,
Executive Influence,https://www.linkedin.com/learning/certificates/e669c484c2d5194ceca488351778dfda348e3dcc4753f280e31ab8e39654c075?trk=backfilled_certificate,LinkedIn,Feb 2022,,
Vision in Action: Leaders Live Case Studies,https://www.linkedin.com/learning/certificates/5376ea0995074c49df550a1d2527c50b0907bf84d87e16d9be54db8445cfba0c?trk=backfilled_certificate,LinkedIn,Feb 2022,,
Winning Back a Lost Customer,https://www.linkedin.com/learning/certificates/a1d26203866a344e995a5c66579cd925e7153677c2ce58f43465fbc18a2b7224?trk=backfilled_certificate,LinkedIn,Feb 2022,,
Data-Driven Learning Design,https://www.linkedin.com/learning/certificates/68757ae47fb04aae508e49643f1edf155b16f3c1a4854fa7c71c7fa357507a06?trk=backfilled_certificate,LinkedIn,Feb 2022,,
Advanced Core Python Code Challenges,https://www.linkedin.com/learning/certificates/dad373307fdbf3e3a34896bea8522af7b3abf6dbd6096a39ec14324d2fbb980d?trk=backfilled_certificate,LinkedIn,Feb 2022,,
Coaching Yourself and Your Team from Uncertainty to Action,https://www.linkedin.com/learning/certificates/734a522dc3e50a3d5afcc36278326dd275348593d9b8fca730c61641c6894f3d?trk=backfilled_certificate,LinkedIn,Feb 2022,,
Lead Generation: Social Media,https://www.linkedin.com/learning/certificates/b206705231445c04fad16ab9ddb02ff38212641e3b85067a27bce2a313187a1b?trk=backfilled_certificate,LinkedIn,Feb 2022,,
Business Intelligence for Consultants,https://www.linkedin.com/learning/certificates/be325171d3be8288b7499ecdbd637e0789fd0a251e3fe31960b4f3574189b86c?trk=backfilled_certificate,LinkedIn,Feb 2022,,
People Analytics,https://www.linkedin.com/learning/certificates/310ffdd094ef5447c2b09ce7391b94f33c1576975821af067c2938f5389ffc5e?trk=backfilled_certificate,LinkedIn,Feb 2022,,
Adaptive Leadership for VUCA Challenges,https://www.linkedin.com/learning/certificates/fe7e9576932fe4592f286e8f6759815fd477b8ce97b2def8f0dd2c60dd30813b?trk=backfilled_certificate,LinkedIn,Feb 2022,,
Customer Service: Creating Customer Value,https://www.linkedin.com/learning/certificates/f98b78e20e1b80e00aef4e4d2e372e0a760ee1e20e1dafc358a852a1a9de943b?trk=backfilled_certificate,LinkedIn,Feb 2022,,
Sales: Closing Strategies,https://www.linkedin.com/learning/certificates/21427b091a7f647942e37e32b0c46bdecd61c541148cdfa699a5a1d0c9ec1fdc?trk=backfilled_certificate,LinkedIn,Feb 2022,,
Level Up Your Remote Team Experience,https://www.linkedin.com/learning/certificates/84ea063493377cf29e27a306036d548687613e0bce074fb71584280c2d5677cb?trk=backfilled_certificate,LinkedIn,Feb 2022,,
Retail Customer Service Management and Coaching,https://www.linkedin.com/learning/certificates/e7efb405f459ba0eb5cd0624123b553ac1cddfb6178f18a1c4154b8eb31808c6?trk=backfilled_certificate,LinkedIn,Feb 2022,,
Microsoft Teams: Working with Apps,https://www.linkedin.com/learning/certificates/4b984475eb2901c41ed2cb0daba0bcc8d1ff9d6bac07f79bd4d8425edc9772f3?trk=backfilled_certificate,LinkedIn,Feb 2022,,
Creating Success from Failures,https://www.linkedin.com/learning/certificates/3975dae994d2e1234c73cc154ac12f706b2573a80a43fb575faedc1970d52214?trk=backfilled_certificate,LinkedIn,Feb 2022,,
Succeeding as a First-Time Tech Manager,https://www.linkedin.com/learning/certificates/995e5f0c5e0d3449b8255c9f5915b54543bff2602200ccc94f4df9d8b46f7313?trk=backfilled_certificate,LinkedIn,Feb 2022,,
Understanding Business,https://www.linkedin.com/learning/certificates/46155221b541e08f58486ab7c9e4cb12a1e5552c4038e3b3dff9313d5e917600?trk=backfilled_certificate,LinkedIn,Feb 2022,,
RPA & Intelligent Automation,https://www.linkedin.com/feed/update/urn:li:activity:6907255144078307328/,University of Toronto,Feb 2022,,
RPA & Intelligent Automation,https://learn.utoronto.ca/programs-courses/courses/3757-robotic-and-intelligent-process-automation,University of Toronto - Rotman School of Management,Mar 2022,,https://www.linkedin.com/feed/update/urn:li:activity:6907255144078307328/
Celonis Foundations,https://www.credly.com/badges/48f6eb92-e1f8-4ec9-84e9-e5aa616a3fe3/linked_in_profile,Celonis,Aug 2022,,48f6eb92-e1f8-4ec9-84e9-e5aa616a3fe3
Virtual Attendee - Celosphere 2022,https://www.credly.com/badges/2ccf91c3-b83f-4301-9b8d-ad6596576fbe/linked_in_profile,Celonis,Nov 2022,,
Project Delivery Fundamentals,https://www.credly.com/badges/7a7cf22b-9680-4a99-bf09-43491b11ae91/linked_in_profile,Celonis,Jan 2023,,
Go-To-Market Fundamentals,https://www.credly.com/badges/f098dcd0-c3e3-46e9-88fe-211bd2d43b7d/linked_in_profile,Celonis,Jan 2023,,
Review and Interpret Analyses,https://www.credly.com/badges/974b9375-1f94-4571-8f5c-ea0e422f251a/linked_in_profile,Celonis,Jan 2023,,
Identify and Drive Opportunities,https://www.credly.com/badges/c97f2780-4042-4619-86f1-d0bf85c80e09/linked_in_profile,Celonis,Jan 2023,,
Prove Celonis Value,https://www.credly.com/badges/d4e52215-f9e5-4c4e-9aa5-d4a107090d67/linked_in_profile,Celonis,Jan 2023,,
Create and Deliver Demos,https://www.credly.com/badges/75f7ca1f-e97d-4374-b4bc-9a68aeffa350/linked_in_profile,Celonis,Jan 2023,,
Manage Implementation Projects,https://www.credly.com/badges/5aea2e24-84c7-4bc7-bd27-04b766ae493e/linked_in_profile,Celonis,Jan 2023,,
Manage Change and Scale Adoption,https://www.credly.com/badges/1b4d210d-b1fc-4d0c-a62c-d72df9082018/linked_in_profile,Celonis,Jan 2023,,
Deliver Business Value with Celonis,https://www.credly.com/badges/1c05108c-8300-4248-a359-473bd61e4bb9/linked_in_profile,Celonis,Jan 2023,,
Mastering Big Data Analytics,https://olympus1.mygreatlearning.com/course_certificate/MPEQUKBP,Great Learning,Apr 2023,,MPEQUKBP
Process Mining With Celonis,https://www.udemy.com/certificate/UC-9da024a8-1a44-4e75-9f80-198276af2c6b/,Udemy,Jun 2023,,UC-9da024a8-1a44-4e75-9f80-198276af2c6b
Introduction to Generative AI,https://www.cloudskillsboost.google/public_profiles/a75c2118-edb4-403f-91e9-6aa43534414b/badges/4327810?utm_medium=social&utm_source=linkedin&utm_campaign=ql-social-share,Google Cloud Skills Boost,Jul 2023,,4327810
Introduction to Large Language Models,https://www.cloudskillsboost.google/public_profiles/a75c2118-edb4-403f-91e9-6aa43534414b/badges/4327899?utm_medium=social&utm_source=linkedin&utm_campaign=ql-social-share,Google Cloud Skills Boost,Jul 2023,,4327899
Introduction to Responsible AI,https://www.cloudskillsboost.google/public_profiles/a75c2118-edb4-403f-91e9-6aa43534414b/badges/4327930?utm_medium=social&utm_source=linkedin&utm_campaign=ql-social-share,Google Cloud Skills Boost,Jul 2023,,4327930
Generative AI Fundamentals,https://www.cloudskillsboost.google/public_profiles/a75c2118-edb4-403f-91e9-6aa43534414b/badges/4328143?utm_medium=social&utm_source=linkedin&utm_campaign=ql-social-share,Google Cloud Skills Boost,Jul 2023,,4328143
Introduction to Image Generation,https://www.cloudskillsboost.google/public_profiles/a75c2118-edb4-403f-91e9-6aa43534414b/badges/4328161?utm_medium=social&utm_source=linkedin&utm_campaign=ql-social-share,Google Cloud Skills Boost,Jul 2023,,4328161
Encoder-Decoder Architecture,https://www.cloudskillsboost.google/public_profiles/a75c2118-edb4-403f-91e9-6aa43534414b/badges/4328202?utm_medium=social&utm_source=linkedin&utm_campaign=ql-social-share,Google Cloud Skills Boost,Jul 2023,,4328202
Attention Mechanism,https://www.cloudskillsboost.google/public_profiles/a75c2118-edb4-403f-91e9-6aa43534414b/badges/4328223?utm_medium=social&utm_source=linkedin&utm_campaign=ql-social-share,Google Cloud Skills Boost,Jul 2023,,4328223
Transformer Models and BERT Model,https://www.cloudskillsboost.google/public_profiles/a75c2118-edb4-403f-91e9-6aa43534414b/badges/4328252?utm_medium=social&utm_source=linkedin&utm_campaign=ql-social-share,Google Cloud Skills Boost,Jul 2023,,4328252
Create Image Captioning Models,https://www.cloudskillsboost.google/public_profiles/a75c2118-edb4-403f-91e9-6aa43534414b/badges/4328262?utm_medium=social&utm_source=linkedin&utm_campaign=ql-social-share,Google Cloud Skills Boost,Jul 2023,,4328262
Introduction to Generative AI Studio,https://www.cloudskillsboost.google/public_profiles/a75c2118-edb4-403f-91e9-6aa43534414b/badges/4328276?utm_medium=social&utm_source=linkedin&utm_campaign=ql-social-share,Google Cloud Skills Boost,Jul 2023,,4328276
SAP MM Purchasing Simplified for Beginners,https://www.udemy.com/certificate/UC-5a7a1edf-a003-450c-9ede-6cd4d7b4005c/,Udemy,Jul 2023,,UC-5a7a1edf-a003-450c-9ede-6cd4d7b4005c
Global Business Management,https://ggu.edu/registrar-diploma-validation/,Golden Gate University,Jan 2023,,
Master of Business Administration,https://ggu.edu/registrar-diploma-validation/,Golden Gate University,Jan 2024,,
Process Mining with Celonis,https://deloittedevelopment.udemy.com/certificate/UC-9da024a8-1a44-4e75-9f80-198276af2c6b/,Udemy,Jun 2024,,UC-9da024a8-1a44-4e75-9f80-198276af2c6b
Certified Fraud Examiner (CFE) Essentials,https://deloittedevelopment.udemy.com/certificate/UC-1bb27a32-85c2-422f-9000-db9886f444b0/,Udemy,Jun 2024,,UC-1bb27a32-85c2-422f-9000-db9886f444b0
Alteryx Designer Certifications,https://deloittedevelopment.udemy.com/certificate/UC-42bd1bac-d174-458b-a832-24572e9b9847/,Udemy,Jun 2024,,UC-42bd1bac-d174-458b-a832-24572e9b9847
Forensic Accounting: Fraud Investigation,https://deloittedevelopment.udemy.com/certificate/UC-00baa390-913b-47ba-8bcb-1f4371ec47e5/,Udemy,Jun 2024,,UC-00baa390-913b-47ba-8bcb-1f4371ec47e5
Data Science for Healthcare Claims Data,https://www.udemy.com/certificate/UC-b9693586-c66f-4083-8a91-2698227e7f30/,Udemy,Jun 2024,,UC-b9693586-c66f-4083-8a91-2698227e7f30
Master the Concepts of Data Visualization and Storytelling,,LinkedIn,Jun 2024,,5edfb05a1abe79136e73a649963e9b4e0a187a7cee96009e802f6e236f46e534
Fraud Risk Analytics (Excel & AI based tools) and Prevention,https://www.udemy.com/certificate/UC-7f48a7cf-0741-40a6-aca1-680e8e74deef/,Udemy,Jun 2024,,UC-7f48a7cf-0741-40a6-aca1-680e8e74deef
The Project Management Course: Beginner to PROject Manager,https://www.udemy.com/certificate/UC-031153a9-394f-4263-bbd8-a85351fd6018/,Udemy,Jun 2024,,UC-031153a9-394f-4263-bbd8-a85351fd6018
Powerpoint 2016 2019 365 - Master powerpoint presentation,https://www.udemy.com/certificate/UC-3c630561-3d1c-4426-a641-602846784e73/,Udemy,Jun 2024,,UC-3c630561-3d1c-4426-a641-602846784e73
Excel Data Analytics in AML Financial Intelligence Analysis,https://www.udemy.com/certificate/UC-9784a6ff-7960-4e56-a9d8-f4950b3aa050/,Udemy,Jun 2024,,UC-9784a6ff-7960-4e56-a9d8-f4950b3aa050
Financial Crime: Processes & Technology - Masterclass,https://www.udemy.com/certificate/UC-be4603ec-6072-4c10-8d2a-45a53678514a/,Udemy,Jun 2024,,UC-be4603ec-6072-4c10-8d2a-45a53678514a
Develop Your Data Analysis Skills,https://drive.google.com/file/d/1-jEGCXU5sw4JLwhaAGew056SfP2sDAXr/view?usp=drive_link,LinkedIn,Jun 2024,,0d07ea4bab03e6d71716b99b8ac5bdac801a5871824d62f20a112a4f5b0c8d82
Master Key Financial Analyst Skills,https://drive.google.com/file/d/1Lfdo30j30igNSaa7FFRwDTVqZ-9YDrNg/view?usp=sharing,LinkedIn,Jun 2024,,d7bfb54d58307cf09132e40421c7ba95814a1a41fc383bb1645f259043822ae5
Microsoft Excel - Excel from Beginner to Advanced,https://www.udemy.com/certificate/UC-ad784cca-3ba0-4433-9f18-5c0c5ed1bd83/,LinkedIn,Jun 2024,,UC-ad784cca-3ba0-4433-9f18-5c0c5ed1bd83
The Science Of Leadership,https://drive.google.com/file/d/18B08lHkDIfAmrbkiFqGrw-QARIz1H0lS/view?usp=drive_link,National Association of State Boards of Accountancy (NASBA),Jun 2024,,UC-31d82d25-5b53-4121-8136-d0d739e322b5
"Anti-Money Laundering Concepts: AML, KYC and Compliance",https://www.udemy.com/certificate/UC-ba421777-47be-4ebe-8496-65168b00e32e/,Udemy,Jun 2024,,UC-ba421777-47be-4ebe-8496-65168b00e32e
Knime ,https://www.udemy.com/certificate/UC-d5cf6773-120a-487f-8e10-12c08b375c97/,Udemy,Jun 2024,,UC-d5cf6773-120a-487f-8e10-12c08b375c97
Process Improvement & Process Mapping,https://www.udemy.com/certificate/UC-3e8688e5-cedf-4f88-bbd4-954d33d3116a/,Udemy,Jun 2024,,UC-3e8688e5-cedf-4f88-bbd4-954d33d3116a
Visualization techniques for Decision Makers and Leaders,https://www.udemy.com/certificate/UC-5ef17a73-3572-4854-8575-f8d7a1706b30/,Udemy,Jun 2024,,UC-5ef17a73-3572-4854-8575-f8d7a1706b30
https://olympus.mygreatlearning.com/certificates/private,https://verify.mygreatlearning.com/verify/MPEQUKBP,Great Learning,Aug 2021,,MPEQUKBP
GitHub Foundations Certification,,LinkedIn,Jun 2024,,623100f14064a5f46a76eb15e4ccd74b997c65f2521ec779ffac579a46e076af
Qlik Sense for Data Science and BI,https://www.udemy.com/certificate/UC-5727fe51-e889-453e-bc49-68726028fb5e/,Udemy,Jun 2024,,UC-5727fe51-e889-453e-bc49-68726028fb5e
Agile Crash Course: Agile Project Management; Agile Delivery,https://www.udemy.com/certificate/UC-9b2c9ae5-6595-424c-9a70-026112c463ec/,Udemy,Jun 2024,,UC-9b2c9ae5-6595-424c-9a70-026112c463ec
Business Writing & Technical Writing Immersion,https://www.udemy.com/certificate/UC-a5e17345-0aac-48ad-9521-9a68d626974f/,Udemy,Jun 2024,,UC-a5e17345-0aac-48ad-9521-9a68d626974f
The Complete QlikView Boot Camp,https://www.udemy.com/certificate/UC-7935e24c-8737-4deb-add2-eb1454ca7029/,Udemy,Jun 2024,,UC-7935e24c-8737-4deb-add2-eb1454ca7029
Consulting Approach to Problem Solving,https://www.udemy.com/certificate/UC-efe0100f-4f43-40b5-bf79-476f8b9488f1/,Udemy,Jun 2024,,UC-efe0100f-4f43-40b5-bf79-476f8b9488f1
ServiceNow IT Leadership Professional,https://drive.google.com/file/d/12nRr0uPRT4EpLHn4RY4bLmMJ79o5HHt5/view?usp=sharing,ServiceNow,Sep 2024,,fed77d5b7b657cb81a1e825fcde175a72ad993b642b320c40e9b99e06823eeb0
Google Cloud Professional Machine Learning Engineer,https://drive.google.com/file/d/1CREda6xrVELhKWs4FRnr5_6hA-se25td/view?usp=sharing,Google,Jul 2024,,3166b37ec28c4aed7be9dd53846fbce4ade2bd48b80ae5bce92f688babdf8684
Product Management Professional Certificate,https://drive.google.com/file/d/1xl0qlsXqOYlOot2ZWK4WaHPuViKR37ZC/view?usp=sharing,Aha!,Sep 2024,,1ed6d657a0467cac441f1ce46eee9189cd4bed1b2ba594a0a5e650036b2eea7d
OpenEDG Python Institute: Programming with Python Professional Certificate,https://drive.google.com/file/d/1rc6BYEaDzCsgw6G2c0-d6l8lGbnetDsl/view?usp=sharing,OpenEDG,Sep 2024,,24d43a816282f908f669d465e8a8050c550b86250e42ea64cb9e35687d096e78
Agile Project Management Professional,https://drive.google.com/file/d/18emkD0g9V5kjFn8-kPDrNeww7fxUbt7H/view?usp=sharing,Atlassian,Sep 2024,,89eed0b64ad22b5d08a4efe1a8e5789934b7574c1945fc9b3ee2b2c16c703e16
"Discover, Validate & Launch New Business Ideas with ChatGPT",https://www.udemy.com/certificate/UC-4e1db0d1-994d-4768-b0b8-f1f2c35bd993/,Udemy,Oct 2024,,UC-4e1db0d1-994d-4768-b0b8-f1f2c35bd993
AWS Bedrock Generative AI Course + Projects,https://www.udemy.com/certificate/UC-9f37ead1-ff7d-46e6-86f8-7702efe0ca98/,Udemy,Oct 2024,,UC-9f37ead1-ff7d-46e6-86f8-7702efe0ca98
"Responsible AI: Principles, Practices, and Applications",https://www.udemy.com/certificate/UC-a35bd660-aaa6-4087-bf4e-cd62af36e81b/,Udemy,Oct 2024,,UC-a35bd660-aaa6-4087-bf4e-cd62af36e81b
Designing AI Assistants,https://www.udemy.com/certificate/UC-8aba7415-8dc8-4bab-af31-065c31a8e0ba/,Udemy,Oct 2024,,UC-8aba7415-8dc8-4bab-af31-065c31a8e0ba
Build Conversational AI using GPT-4,https://www.udemy.com/certificate/UC-bf58de50-1339-48d3-bef2-538b4928fa7b/,Udemy,Oct 2024,,UC-bf58de50-1339-48d3-bef2-538b4928fa7b
Data Analysis & Exploratory Data Analysis | Build EDA App,https://www.udemy.com/certificate/UC-0874ca0b-48d8-40a3-a86f-4bf855cb5f3a/,Udemy,Oct 2024,,UC-0874ca0b-48d8-40a3-a86f-4bf855cb5f3a
AI-100 Designing and Implementing an Azure AI Solutions,https://www.udemy.com/certificate/UC-191a1cc1-412e-4929-bfc8-6c34a664d9d0/,Udemy,Oct 2024,,UC-191a1cc1-412e-4929-bfc8-6c34a664d9d0
Exploratory Data Analysis in Python,https://www.udemy.com/certificate/UC-4ae215dc-5bbb-44c7-a842-e0a419447cbd/,Udemy,,,UC-4ae215dc-5bbb-44c7-a842-e0a419447cbd
Python For Absolute Beginners,https://www.udemy.com/certificate/UC-413dbd78-c70c-4068-9b09-fda08c74a8aa/,Udemy,Oct 2024,,UC-413dbd78-c70c-4068-9b09-fda08c74a8aa
Introduction to Data Engineering using Generative AI,https://www.udemy.com/certificate/UC-3d08f773-c087-428c-9de9-8474f40adee6/,Udemy,Oct 2024,,UC-3d08f773-c087-428c-9de9-8474f40adee6
Statistics and Hypothesis Testing for Data science,https://www.udemy.com/certificate/UC-723ecb39-d54f-4668-8bbd-49d4adc5a7a2/,Udemy,Oct 2024,,UC-723ecb39-d54f-4668-8bbd-49d4adc5a7a2
KNIME - a crash course for beginners,https://www.udemy.com/certificate/UC-d5cf6773-120a-487f-8e10-12c08b375c97/,Udemy,Jun 2024,,UC-d5cf6773-120a-487f-8e10-12c08b375c97
Neural Networks in Python: Deep Learning for Beginners,https://www.udemy.com/certificate/UC-884338c7-c64b-401c-ac3b-2db99a181372/,Udemy,Oct 2024,,UC-884338c7-c64b-401c-ac3b-2db99a181372
Building Gen AI App 12+ Hands-on Projects with Gemini Pro,https://www.udemy.com/certificate/UC-7eb51690-dc36-44cf-aa29-e9bd1fddc5b7/,Udemy,Oct 2024,,
Data Analysis Real world use-cases- Hands on Python,https://www.udemy.com/certificate/UC-268197d4-fb5e-43ad-a37a-7f9fd7d55c96/,Udemy,Oct 2024,,
Generative AI for Business Leaders,https://drive.google.com/file/d/1-jEGCXU5sw4JLwhaAGew056SfP2sDAXr/view?usp=sharing,LinkedIn,Jul 2024,,3c036abe3486dabda6f581ec5d9144afc19573c6cff80f687c8116c0a7bba4e4
Build Your Leadership Brand with Generative AI,https://www.udemy.com/certificate/UC-e7dac908-472d-4058-a533-6900f3178bb5/,Udemy,Oct 2024,,UC-e7dac908-472d-4058-a533-6900f3178bb5
AI for Business - AI Applications for Business Success,https://www.udemy.com/certificate/UC-0b067059-a7ba-49f4-9658-77a2daf2cdff/,Udemy,Oct 2024,,UC-0b067059-a7ba-49f4-9658-77a2daf2cdff
Generative AI for Leaders: Meet Your Business Partner,https://www.udemy.com/certificate/UC-735da9f0-a8ec-4296-a49e-2ec75821c63a/,Udemy,Oct 2024,,UC-735da9f0-a8ec-4296-a49e-2ec75821c63a
AI for Business Leaders,https://www.udemy.com/certificate/UC-f6bd8709-c0b8-4b96-9223-5bb5bcdbc2fd/,Udemy,Oct 2024,,UC-f6bd8709-c0b8-4b96-9223-5bb5bcdbc2fd
Introduction to Prompt Engineering for Generative AI,https://drive.google.com/file/d/1Lfdo30j30igNSaa7FFRwDTVqZ-9YDrNg/view?usp=sharing,LinkedIn,Oct 2024,,
Designing AI Assistants,https://www.udemy.com/certificate/UC-8aba7415-8dc8-4bab-af31-065c31a8e0ba/,Udemy,Oct 2024,,UC-8aba7415-8dc8-4bab-af31-065c31a8e0ba
Exploratory Data Analysis in Python,https://www.udemy.com/certificate/UC-4ae215dc-5bbb-44c7-a842-e0a419447cbd/,Udemy,Oct 2024,,UC-4ae215dc-5bbb-44c7-a842-e0a419447cbd
Generative AI and ChatGPT Masterclass for Software Engineers,https://www.udemy.com/certificate/UC-a7b0ab79-29d3-46c8-b9b7-c6a041bc5667/,Udemy,Oct 2024,,UC-a7b0ab79-29d3-46c8-b9b7-c6a041bc5667
LLMs Mastery: Complete Guide to Transformers & Generative AI,https://www.udemy.com/certificate/UC-e6295437-1895-4a6c-9354-24aa41f96d70/,Udemy,Oct 2024,,UC-e6295437-1895-4a6c-9354-24aa41f96d70
AI And Operations Masterclass: 100 Lesson Knowledge Booster,https://www.udemy.com/certificate/UC-59cc163b-eb4c-499d-b56b-58cadc5fab12/,Udemy,Oct 2024,,UC-59cc163b-eb4c-499d-b56b-58cadc5fab12
Hyperparameter Optimization for Machine Learning,https://www.udemy.com/certificate/UC-dc0c9ab7-ebc3-4f9c-b434-d0125a92f689/,Udemy,Oct 2024,,UC-dc0c9ab7-ebc3-4f9c-b434-d0125a92f689
A Complete Guide on TensorFlow 2.0 using Keras API,https://www.udemy.com/certificate/UC-cd9058bd-3dc9-40fc-9388-29b2e97d9400/,Udemy,Oct 2024,,UC-cd9058bd-3dc9-40fc-9388-29b2e97d9400
Artificial Intelligence A-Z 2024: Build 7 AI + LLM & ChatGPT,https://www.udemy.com/certificate/UC-d433dc91-6fee-4bae-81a2-a0acca9fb661/,Udemy,Oct 2024,,UC-d433dc91-6fee-4bae-81a2-a0acca9fb661
Use Cases Made Simple: The Essential Toolkit for Beginners,https://www.udemy.com/certificate/UC-44cf5287-8a23-4fa0-bc94-f93ed8bf07e6/,Udemy,Oct 2024,,UC-44cf5287-8a23-4fa0-bc94-f93ed8bf07e6
AI Guardrails: Secure GenAI Applications,https://www.udemy.com/certificate/UC-943a7114-a853-41ad-9dd8-39853eeb1fd2/,Udemy,Oct 2024,,UC-943a7114-a853-41ad-9dd8-39853eeb1fd2
Build Gen AI Apps and Automate Workflows with MindStudio,https://www.udemy.com/certificate/UC-0e59959c-0b0a-432f-bd95-21a4ebd98e58/,Udemy,Oct 2024,,UC-0e59959c-0b0a-432f-bd95-21a4ebd98e58
AWS DynamoDB - The Complete Guide (Build 18+ Hands On Demos),https://www.udemy.com/certificate/UC-e7d06b46-b2d6-48d4-af62-959a50778d8b/,Udemy,Oct 2024,,UC-e7d06b46-b2d6-48d4-af62-959a50778d8b
Deployment of Machine Learning Models,https://www.udemy.com/certificate/UC-e0ac19f7-2c9b-42e2-a9e3-ec1bfa96afc7/,Udemy,Oct 2024,,UC-e0ac19f7-2c9b-42e2-a9e3-ec1bfa96afc7
Modern Artificial Intelligence Masterclass: Build 6 Projects,https://www.udemy.com/certificate/UC-9c76bfa1-e70e-4d5e-bbdc-1c0f217d9c51/,Udemy,Oct 2024,,UC-9c76bfa1-e70e-4d5e-bbdc-1c0f217d9c51
Deploying LLMs: A Practical Guide to LLMOps in Production,https://www.udemy.com/certificate/UC-27fa5f13-d89e-449f-b2bf-1994c6adb4fe/,Udemy,Oct 2024,,UC-27fa5f13-d89e-449f-b2bf-1994c6adb4fe
Generative AI for Beginners,https://www.udemy.com/certificate/UC-6879603a-7798-4cd6-af60-cfe9c3bad946/,Udemy,Oct 2024,,UC-6879603a-7798-4cd6-af60-cfe9c3bad946
"How to Elicit, Write, and Analyze Requirements in the AI Era",https://www.udemy.com/certificate/UC-ff64a8e3-e6aa-4288-91ef-225cbf93435d/,Udemy,Nov 2024,,UC-ff64a8e3-e6aa-4288-91ef-225cbf93435d
Master Gen AI & LangChain - AI Apps-OpenAI & HuggingFace,https://www.udemy.com/certificate/UC-59d517ba-ae58-4d60-95c3-a75d7913f1d1/,Udemy,Nov 2024,,UC-59d517ba-ae58-4d60-95c3-a75d7913f1d1
Practical Guide to AI & ML: Mastering Future Tech Skills,https://www.udemy.com/certificate/UC-c03d7bf4-44f1-455b-b310-ddba5a2b1326/,Udemy,Nov 2024,,
ChatGPT Mastery: Expert Prompt Engineering with Chat GPT-4,https://www.udemy.com/certificate/UC-c0c84c13-c683-4446-8065-6838d73caea1/,Udemy,Nov 2024,,
Gen-AI Clinic,https://www.mygreatlearning.com/certificate/KPKUZBHY,Great Learning,,,KPKUZBHY
Gen AI Clinic,https://www.mygreatlearning.com/certificate/KPKUZBHY,Great Learning,Nov 2024,,KPKUZBHY
Deloitte GEN AI Expert Bootcamp Hackathon,https://drive.google.com/file/d/13vLrWVbMkjtZhhwSzXRrC7r08MbNaCfw/view?usp=sharing,Great Learning,Jan 2025,,
Certified Process Improvement & Process Mapping Expert,https://www.udemy.com/certificate/UC-3e8688e5-cedf-4f88-bbd4-954d33d3116a/,Udemy,Jun 2024,,
Qlik Sense Certification - The Complete Practical Course,https://www.udemy.com/certificate/UC-156d1096-e408-4765-9f38-36368c8465db/,Udemy,Mar 2025,,
Introduction to Generative AI ,https://www.coursera.org/account/accomplishments/records/QD90XXGWWLJV,Google Cloud Training Online,Apr 2025,,QD90XXGWWLJV
Introduction to Large Language Models,https://www.coursera.org/account/accomplishments/verify/JM7WUQRF1IAC,Google Cloud Training Online,May 2025,,JM7WUQRF1IAC
AI for Organizational Leaders,https://drive.google.com/file/d/1UizQYX8hEF3zznMUP_6RD-IG1TswVjSY/view?usp=sharing,Microsoft,May 2025,,2820bfc2bc34aa577c3fba1797d9b11e019e018bcda525eda69da7fa4d8db7a3
Data Science Professional,https://drive.google.com/file/d/1MVTcqYM8U4e3pqVLLEhhcX4-AjfgX_LH/view?usp=sharing,KNIME,May 2025,,ff79e5fde628152583b50bf93e571c48e204d4e9aab0a26a1851b0b272fcb106
Six Sigma Green Belt (CSSGB),https://drive.google.com/file/d/1vLZmb4yBvnvMGiLZTb5zliNwZ1M0rXPe/view?usp=sharing,Project Management Institute,Jun 2024,,b4bfbbbbdba590359749fe0ddbeb0e45fa1c3018175a67d7f6946bdb78e5d1fb
Introduction to Large Language Models,https://www.coursera.org/account/accomplishments/records/JM7WUQRF1IAC,Google Cloud Training Online,May 2025,,JM7WUQRF1IAC
Generative AI Engineering and Fine-Tuning Transformers,https://www.coursera.org/account/accomplishments/records/00C3P9THRFEP,IBM,May 2025,,00C3P9THRFEP
Building Generative AI-Powered Applications with Python,https://www.coursera.org/account/accomplishments/records/Q3ETV63OIM9A,IBM,May 2025,,Q3ETV63OIM9A
Advanced Prompt Engineering for Everyone,https://www.coursera.org/account/accomplishments/records/C56P48WECRAS,Vanderbilt University,May 2025,,C56P48WECRAS
Fundamentals of AI Agents Using RAG and LangChain,https://www.coursera.org/account/accomplishments/records/UZTPFNTAHPW9,IBM,May 2025,,UZTPFNTAHPW9
Gen AI Foundational Models for NLP & Language Understanding,https://www.coursera.org/account/accomplishments/records/2A8CE705DA34,IBM,May 2025,,2A8CE705DA34
Generative AI Architecture and Application Development,https://www.coursera.org/account/accomplishments/records/NPQKCADCUE97,Edureka,May 2025,,NPQKCADCUE97
Applying Generative AI as a Business Professional,https://drive.google.com/file/d/1oEF1-eoV5Zo5a2mf3F_TJCaIDcr6SAWv/view?usp=sharing,LinkedIn,May 2025,,4bf0a0b156877afe99206520faaa64a18965adc50a9eb0b60cb852ac72ff3bde
Agentic AI and AI Agents: A Primer for Leaders,https://www.coursera.org/account/accomplishments/verify/3Y80YTNVS9I6,Vanderbilt University,May 2025,,3Y80YTNVS9I6
"NVIDIA: LLM Experimentation, Deployment, and Ethical AI",https://www.coursera.org/account/accomplishments/verify/KKEUQL4FS778,Whizlabs,May 2025,,KKEUQL4FS778
AI Agents: From Prompts to Multi-Agent Systems,https://www.coursera.org/account/accomplishments/verify/2V6VQGNBZFJI,"University of California, Davis",May 2025,,2V6VQGNBZFJI
Introduction to Generative AI for Developers With Copilot,https://www.coursera.org/account/accomplishments/verify/539EE8AYOQEZ,Microsoft,May 2025,,539EE8AYOQEZ
AI Agents and Agentic AI with Python & Generative AI,https://www.coursera.org/account/accomplishments/verify/IONKCO25HW07,Vanderbilt University,May 2025,,IONKCO25HW07
ChatGPT & Zapier: Agentic AI for Everyone,https://www.coursera.org/account/accomplishments/verify/1AP42R3ASV5A,Vanderbilt University,May 2025,,1AP42R3ASV5A
Project: Generative AI Applications with RAG and LangChain,https://www.coursera.org/account/accomplishments/records/V3MRKM8JC0LK,IBM,May 2025,,V3MRKM8JC0LK
Intro to Artificial Intelligence on Microsoft Azure,https://www.coursera.org/account/accomplishments/records/D6KWL8PDRBOL,Microsoft,May 2025,,D6KWL8PDRBOL
 Generative AI Content Creation,https://www.coursera.org/account/accomplishments/records/G23JC37KIY4E,Adobe,May 2025,,G23JC37KIY4E
Retrieval-Augmented Generation (RAG) with Embeddings & Vector Databases,https://www.coursera.org/account/accomplishments/records/QF9HV1LJXWII,Scrimba,May 2025,,QF9HV1LJXWII
Evaluating Large Language Model Outputs: A Practical Guide,https://www.coursera.org/account/accomplishments/records/CTEEJ1KFJ3J9,Coursera,May 2025,,CTEEJ1KFJ3J9
Understanding Large Language Models in Business,https://www.coursera.org/account/accomplishments/records/UY7RN7Q8COW8,Coursera,May 2025,,UY7RN7Q8COW8
"Trustworthy AI: Managing Bias, Ethics, and Accountability",https://www.coursera.org/account/accomplishments/records/GTZWOGPS4WEZ,The Johns Hopkins University,Jun 2025,,GTZWOGPS4WEZ
Intro to AI Engineering,https://www.coursera.org/account/accomplishments/verify/NJ20PDGH54AY,Scrimba,Jun 2025,,NJ20PDGH54AY
Deploy AI Apps with Cloudflare,https://www.coursera.org/account/accomplishments/verify/CP36MQIEFG6M,Scrimba,Jun 2025,,CP36MQIEFG6M
Get Started with Python,https://www.coursera.org/account/accomplishments/records/KK1CWZHUGDNW,Google,Jun 2025,,KK1CWZHUGDNW
"Auditing Generative AI: Strategy, Analysis & Risk Mitigation",https://www.coursera.org/account/accomplishments/records/HQNFTQ1B95P2,ISACA,Jun 2025,,HQNFTQ1B95P2
GenAI for Fraud Detection and Compliance,https://www.coursera.org/account/accomplishments/records/UNKWS8IE008X,Coursera,Jun 2025,,UNKWS8IE008X
Data Balancing with Gen AI: Credit Card Fraud Detection,https://www.coursera.org/account/accomplishments/verify/J07IQ1FZ3WMV,Coursera,Jun 2025,,J07IQ1FZ3WMV
Generative AI's Applications in Marketing Analytics,https://www.coursera.org/account/accomplishments/records/CCSHXQDKC0M0,Edureka,Jun 2025,,CCSHXQDKC0M0
Generative AI for Data Science,https://www.coursera.org/account/accomplishments/records/2NOWD1KVAG8E,Microsoft,Jun 2025,,2NOWD1KVAG8E
Gen AI in Cybersecurity,https://www.coursera.org/account/accomplishments/records/VG0BIW3G5SN8,Edureka,Jun 2025,,VG0BIW3G5SN8
Gen AI for Data Privacy & Protection,https://www.coursera.org/account/accomplishments/records/NS8FLCKS4OLL,Edureka,Jun 2025,,NS8FLCKS4OLL
Intro to Claude AI,https://www.coursera.org/account/accomplishments/records/U8SG9SJQ49KO,Scrimba,Jun 2025,,U8SG9SJQ49KO
Prompt Engineering for Web Developers,https://www.coursera.org/account/accomplishments/records/36FIXPZJSL5C,Scrimba,Jun 2025,,36FIXPZJSL5C
Learn to code with AI,https://www.coursera.org/account/accomplishments/records/SSITUPX2KYPS,Scrimba,Jun 2025,,SSITUPX2KYPS
Learn OpenAI's Assistant API,https://www.coursera.org/account/accomplishments/records/0N3PJ1NT8GOC,Scrimba,Jun 2025,,0N3PJ1NT8GOC
Build AI Apps with LangChain.js,https://www.coursera.org/account/accomplishments/records/DO5RFVXPDYGD,Scrimba,Jun 2025,,DO5RFVXPDYGD
Intro to Dall-E and GPT Vision,https://www.coursera.org/account/accomplishments/records/4GUQNIOQFDFS,Scrimba,Jun 2025,,4GUQNIOQFDFS
Learn AI Agents,https://www.coursera.org/account/accomplishments/records/X3ZY46TPKRDE,Scrimba,Jun 2025,,X3ZY46TPKRDE
Open-source AI Models,https://www.coursera.org/account/accomplishments/records/NMOJS0R2ZMYF,Scrimba,Jun 2025,,NMOJS0R2ZMYF
Machine Learning Specialization (03 Course Series),https://www.coursera.org/account/accomplishments/specialization/KNSREJWMVNYX,Stanford University,Jun 2025,,KNSREJWMVNYX
Google Advanced Data Analytics Specialization (08 course series),https://www.coursera.org/account/accomplishments/specialization/AROO8BOJQKU5,Google,Jun 2025,,AROO8BOJQKU5
Machine Learning: an overview,https://www.coursera.org/account/accomplishments/records/JJZFXX86WOI2,MIP Politecnico di Milano,Jun 2025,,JJZFXX86WOI2
Technologies and platforms for Artificial Intelligence,https://www.coursera.org/account/accomplishments/records/AU1PVYJGXUIK,MIP Politecnico di Milano,Jun 2025,,AU1PVYJGXUIK
Artificial Intelligence and legal issues,https://www.coursera.org/account/accomplishments/records/69FS3O8WS8QZ,MIP Politecnico di Milano,Jun 2025,,69FS3O8WS8QZ
Ethics of Artificial Intelligence,https://www.coursera.org/account/accomplishments/records/H6UQ4JIFGLMV,MIP Politecnico di Milano,Jun 2025,,H6UQ4JIFGLMV
Leadership Strategies for AI and Generative AI (04 cources) Approximately 1 months at 10 hours a week to complete,https://www.coursera.org/account/accomplishments/specialization/TOLN9WG0CC1H,Fractal Analytics,Jun 2025,,TOLN9WG0CC1H
The Path to Insights: Data Models and Pipelines,https://www.coursera.org/account/accomplishments/records/4W0R332NSL25,Google,Jun 2025,,4W0R332NSL25
Artificial Intelligence: an Overview Specialization (05 course series) Approximately 1 months at 10 hours a week to complete,https://www.coursera.org/account/accomplishments/specialization/T0PQJ6ZDZOTL,MIP Politecnico di Milano,Jun 2025,,T0PQJ6ZDZOTL
Technologies and platforms for Artificial Intelligence,https://www.coursera.org/account/accomplishments/certificate/JJZFXX86WOI2,MIP Politecnico di Milano,Jun 2025,,
Rust Programming Specialization (05 course series),https://www.coursera.org/account/accomplishments/specialization/NNQD1PNESVJT,Duke University,Jun 2025,,NNQD1PNESVJT
Generative AI Engineering with LLMs Specialization (07 course) Approximately 3 months at 4 hours a week to complete,https://www.coursera.org/account/accomplishments/specialization/VAX5DTZDAPNO,IBM,Jun 2025,,VAX5DTZDAPNO
Learn Generative AI with LLMs Specialization (04 course) Approximately 1 months at 10 hours a week to complete,https://www.coursera.org/account/accomplishments/specialization/RLELBAFN55OP,Edureka,Jun 2025,,RLELBAFN55OP
MLOps | Machine Learning Operations Specialization,https://www.coursera.org/account/accomplishments/specialization/MLONMB2BZSZ9,Duke University,Jun 2025,,MLONMB2BZSZ9
Machine Learning Specialization,https://www.coursera.org/account/accomplishments/specialization/KNSREJWMVNYX,Stanford University,Jun 2025,,KNSREJWMVNYX
Machine Learning: an overview,https://www.coursera.org/account/accomplishments/records/JJZFXX86WOI2,MIP Politecnico di Milano,Jun 2025,,JJZFXX86WOI2
Foundations of Business Intelligence,https://www.coursera.org/account/accomplishments/records/HZTQDW7YCX8T,Google,Jun 2025,,HZTQDW7YCX8T
Rust for Large Language Model Operations (LLMOps),https://www.coursera.org/account/accomplishments/records/HYJJ0QOF7P5X,Duke University,Jun 2025,,HYJJ0QOF7P5X
Rust for DevOps,https://www.coursera.org/account/accomplishments/records/ASJSIYFWZPTF,Duke University,Jun 2025,,ASJSIYFWZPTF
The Path to Insights: Data Models and Pipelines,https://www.coursera.org/account/accomplishments/records/4W0R332NSL25,Google,Jun 2025,,4W0R332NSL25
Technologies and platforms for Artificial Intelligence,https://www.coursera.org/account/accomplishments/records/AU1PVYJGXUIK,MIP Politecnico di Milano,Jun 2025,,AU1PVYJGXUIK
Python and Rust with Linux Command Line Tools,https://www.coursera.org/account/accomplishments/records/D7124K4827SY,Duke University,Jun 2025,,D7124K4827SY
Generative AI and LLMs: Architecture and Data Preparation,https://www.coursera.org/account/accomplishments/records/KMBP537QUOEL,IBM,Jun 2025,,KMBP537QUOEL
Machine Learning Foundations for Product Managers,https://www.coursera.org/account/accomplishments/records/52CVZE97YARJ,Duke University,Jun 2025,,52CVZE97YARJ
Preparing  Data for Analysis with Microsoft Excel,https://www.coursera.org/account/accomplishments/records/3GXEJ3IGOLXJ,Microsoft,Jun 2025,,3GXEJ3IGOLXJ
Generative AI Foundations,https://www.coursera.org/account/accomplishments/records/LO5UGZXM99O1,Edureka,Jun 2025,,LO5UGZXM99O1
 Machine Learning and NLP Basics,https://www.coursera.org/account/accomplishments/records/6G63UK6RKZT2,Edureka,Jun 2025,,6G63UK6RKZT2
Managing Machine Learning Projects,https://www.coursera.org/account/accomplishments/records/DHE7VZVTV6W7,Duke University,Jun 2025,,DHE7VZVTV6W7
Rust Fundamentals,https://www.coursera.org/account/accomplishments/records/7UR9ALK0YLQ0,Duke University,Jun 2025,,7UR9ALK0YLQ0
Data Engineering with Rust,https://www.coursera.org/account/accomplishments/records/J1Q3DHFJD6C3,Duke University,Jun 2025,,J1Q3DHFJD6C3
Generative AI Language Modeling with Transformers,https://www.coursera.org/account/accomplishments/records/UFKGW8CAJXOY,IBM,Jun 2025,,UFKGW8CAJXOY
Generative AI for Business - A Leaders' Handbook,https://www.coursera.org/account/accomplishments/records/9YR5PQPB3SGS,Fractal Analytics,Jun 2025,,9YR5PQPB3SGS
Successful AI Strategies: A CEO's Perspective,https://www.coursera.org/account/accomplishments/records/1A770PHQ42IZ,Fractal Analytics,Jun 2025,,1A770PHQ42IZ
Generative AI Applications and Popular Tools,https://www.coursera.org/account/accomplishments/records/5O31TYAX2G5S,Edureka,Jun 2025,,5O31TYAX2G5S
"DevOps, DataOps, MLOps",https://www.coursera.org/account/accomplishments/records/LYJNLC6QJNHX,Duke University,Jun 2025,,LYJNLC6QJNHX
MLOps Tools: MLflow and Hugging Face,https://www.coursera.org/account/accomplishments/records/V56U8XSXWJW7,Duke University,Jun 2025,,V56U8XSXWJW7
Responsible AI - Principles and Ethical Considerations,https://www.coursera.org/account/accomplishments/records/C6KRWC7KFS41,Fractal Analytics,Jun 2025,,C6KRWC7KFS41
Advanced Learning Algorithms,https://www.coursera.org/account/accomplishments/records/R4ZQOG5L95GB,Stanford University,Jun 2025,,R4ZQOG5L95GB
Python Essentials for MLOps,https://www.coursera.org/account/accomplishments/records/U9KTOYJ5TCE6,Duke University,Jun 2025,,U9KTOYJ5TCE6
MLOps Platforms: Amazon SageMaker and Azure ML,https://www.coursera.org/account/accomplishments/records/J3DE816GRFSN,Duke University,Jun 2025,,J3DE816GRFSN
"Unsupervised Learning, Recommenders, Reinforcement Learning",https://www.coursera.org/account/accomplishments/records/CRQUPYH4MKH0,DeepLearning.AI,Jun 2025,,CRQUPYH4MKH0
Structured Approach to Problem Solving,https://www.coursera.org/account/accomplishments/records/NWDFIZAB2FGQ,Fractal Analytics,Jun 2025,,NWDFIZAB2FGQ
GPT Vision: Seeing the World through Generative AI,https://www.coursera.org/account/accomplishments/records/EP05TUUNTYGL,Vanderbilt University,Jun 2025,,EP05TUUNTYGL
Advanced Data Analysis with Generative AI,https://www.coursera.org/account/accomplishments/records/NNDKOLC8UL27,Microsoft,Jun 2025,,NNDKOLC8UL27
AI for Web Developers Specialization (05 course series) Approximately 1 months at 10 hours a week to complete,https://www.coursera.org/account/accomplishments/specialization/PNFWIP7ZTEI5,Scrimba,Jun 2025,,PNFWIP7ZTEI5
Rust Programming Specialization (05 courses) Approximately 4 months at 10 hours a week to complete,https://www.coursera.org/account/accomplishments/specialization/NNQD1PNESVJT,Emory University,Jun 2025,,NNQD1PNESVJT
MLOps | Machine Learning Operations Specialization (04 courses) Approximately 6 months at 5 hours a week to complete,https://www.coursera.org/account/accomplishments/specialization/MLONMB2BZSZ9,Duke University,Jun 2025,,MLONMB2BZSZ9
AI Product Management Specialization (03 course) Approximately 4 months at 5 hours a week to complete,https://www.coursera.org/account/accomplishments/specialization/OL1VC19DLNAG,Duke University,Jun 2025,,OL1VC19DLNAG
AI Product Management,https://www.coursera.org/account/accomplishments/specialization/OL1VC19DLNAG,Duke University,Jun 2025,,OL1VC19DLNAG
Data Processing and Optimization with Generative AI,https://www.coursera.org/account/accomplishments/records/YPL57MUCVSMG,Microsoft,Jun 2025,,YPL57MUCVSMG
Google Business Intelligence Specialization - Approximately 2 months at 10 hours a week to complete,https://www.coursera.org/account/accomplishments/specialization/TRGZA89MLFK8,Google,Jun 2025,,TRGZA89MLFK8
"Extract, Transform and Load Data in Power BI",https://www.coursera.org/account/accomplishments/verify/3FLVSCI2K0C9,Microsoft,Jun 2025,,3FLVSCI2K0C9
Advanced AI and Machine Learning Techniques and Capstone,https://www.coursera.org/account/accomplishments/records/M753A59WDHPB,Microsoft,Jun 2025,,M753A59WDHPB
Generative AI for Data Science with Copilot,https://www.coursera.org/account/accomplishments/verify/PYHN3Z0UV0K5,Microsoft,Jun 2025,,PYHN3Z0UV0K5
Coding and Automation for Data Analysis with Generative AI,https://www.coursera.org/account/accomplishments/records/0KOJRR24QXEY,Microsoft,Jun 2025,,0KOJRR24QXEY
"Extract, Transform and Load Data in Power BI",https://www.coursera.org/account/accomplishments/records/3FLVSCI2K0C9,Microsoft,Jun 2025,,3FLVSCI2K0C9
Advanced AI and Machine Learning Techniques and Capstone,https://www.coursera.org/account/accomplishments/records/M753A59WDHPB,Microsoft,Jun 2025,,M753A59WDHPB
Generative AI for Data Science with Copilot,https://www.coursera.org/account/accomplishments/records/PYHN3Z0UV0K5,Microsoft,Jun 2025,,PYHN3Z0UV0K5
Introduction to Generative AI for Data Analysis,https://www.coursera.org/account/accomplishments/records/NI6EHX4C8YND,Microsoft,Jun 2025,,NI6EHX4C8YND
Scenario and Root Cause Analysis with Generative AI,https://www.coursera.org/account/accomplishments/records/YTBPEN7B8I4Z,Microsoft,Jun 2025,,YTBPEN7B8I4Z
Generative AI for Data Scientists (03 courses) Approximately 1 months at 10 hours a week to complete,https://www.coursera.org/account/accomplishments/specialization/UM4SN3LO0UHI,Microsoft,Jun 2025,,UM4SN3LO0UHI
Data Visualization and Reporting with Generative AI,https://www.coursera.org/account/accomplishments/records/5E1FMUFHFCMT,Microsoft,Jun 2025,,5E1FMUFHFCMT
Harnessing the Power of Data with Power BI,https://www.coursera.org/account/accomplishments/records/Q9EBGZXKUW90,Microsoft,Jun 2025,,Q9EBGZXKUW90
Qlik Certified Partners Sales - Data Analytics,https://learning.qlik.com/student/award/ADdujRdtU1zuMRteLrodUrxA,Qlik,Jul 2025,,
Qlik Certified Partner Sales - Data and Analytics,https://learning.qlik.com/student/award/tWQDwesrbTAR24szV3emF18y,Qlik,Jul 2025,,
Qlik Certified Partner Sales - Data Integration ,https://learning.qlik.com/student/award/N6h9T4kqoD3bJugQtz5Vx9vi,Qlik,Jul 2025,,
Unlocking AI's Business Value: Strategic Guide to AI Agents,https://www.udemy.com/certificate/UC-d486ab56-3f9c-4ca9-8271-d42da3d9d902/,Udemy,,,UC-d486ab56-3f9c-4ca9-8271-d42da3d9d902
Unlocking AI's Business Value: Strategic Guide to AI Agents,https://www.udemy.com/certificate/UC-d486ab56-3f9c-4ca9-8271-d42da3d9d902/,Udemy,Aug 2025,,UC-d486ab56-3f9c-4ca9-8271-d42da3d9d902
Leveraging AI for Enhanced Content Creation ,https://www.coursera.org/account/accomplishments/verify/I40L41L3YQ2Y,Coursera,Aug 2025,,I40L41L3YQ2Y
Copilot for Beginners: Create a Sales Pitch Presentation	,https://www.coursera.org/account/accomplishments/verify/W5SNCE284AV7,Coursera,Aug 2025,,W5SNCE284AV7
Microsoft 365 Copilot: Personal Productivity for All,https://www.coursera.org/account/accomplishments/verify/QC9NQCZCDMH1,Vanderbilt University,Aug 2025,,QC9NQCZCDMH1
Trustworthy Generative AI,https://www.coursera.org/account/accomplishments/verify/P9NN94D6DS4U,Vanderbilt University,Aug 2025,,P9NN94D6DS4U
Generative AI for Leaders,https://www.coursera.org/account/accomplishments/verify/7A4Y60WRGSMX,Vanderbilt University,Aug 2025,,7A4Y60WRGSMX
Prompt Engineering for ChatGPT,https://www.coursera.org/account/accomplishments/verify/08NAXOLGI0NY,Vanderbilt University,Aug 2025,,08NAXOLGI0NY
NVIDIA: Fundamentals of NLP and Transformers ,https://www.coursera.org/account/accomplishments/verify/GYP2QGLK8HX8,Whizlabs,Aug 2025,,GYP2QGLK8HX8
NVIDIA: Fundamentals of Machine Learning,https://www.coursera.org/account/accomplishments/verify/LR5FTN7UUD8N,Whizlabs,Aug 2025,,LR5FTN7UUD8N
Exam Prep (NCA-GENL): NVIDIA-Certified Generative AI LLMs ,https://www.coursera.org/account/accomplishments/specialization/QH0XBH4R6C81,Whizlabs,Aug 2025,,QH0XBH4R6C81
ChatGPT Advanced Data Analysis,https://www.coursera.org/account/accomplishments/records/9R4VQGD4QS8A,Vanderbilt University,Sep 2025,,9R4VQGD4QS8A
Copilot for Sales,https://www.coursera.org/account/accomplishments/verify/1LI34D9TUQ2F,Microsoft,Sep 2025,,1LI34D9TUQ2F
Copilot for Sales,https://www.coursera.org/account/accomplishments/verify/1LI34D9TUQ2F,Microsoft,Sep 2025,,1LI34D9TUQ2F
 Develop Generative AI Applications: Get Started,https://www.coursera.org/account/accomplishments/verify/GEMK6KUTKTFO,IBM,Sep 2025,,GEMK6KUTKTFO
IBM RAG and Agentic AI (Specialization 08 Courses),https://www.coursera.org/account/accomplishments/specialization/92OT8SKB0CQJ,IBM,Sep 2025,,92OT8SKB0CQJ
Using Microsoft Copilot to Understand Your Customer,https://www.coursera.org/account/accomplishments/verify/98NJ67F6Y2BP,Microsoft,Sep 2025,,98NJ67F6Y2BP
Generative AI for Marketers (03 Cources),https://www.coursera.org/account/accomplishments/specialization/7HUDIOLFMVU2,Microsoft,Sep 2025,,7HUDIOLFMVU2
Model Context Protocol (MCP) Mastery,https://www.coursera.org/account/accomplishments/verify/V9UFZ4OMFH06,Fractal Marketing & Analytics,Sep 2025,,V9UFZ4OMFH06
Generative AI: Foundation Models and Platforms,https://www.coursera.org/account/accomplishments/verify/46S0W54P52PQ,IBM,Sep 2025,,46S0W54P52PQ
"Generative AI: Impact, Considerations, and Ethical Issues",https://www.coursera.org/account/accomplishments/verify/1QCRMVJVKJVW,IBM,Sep 2025,,1QCRMVJVKJVW
Building Production-Ready Apps with Large Language Models,https://www.coursera.org/account/accomplishments/verify/INZ8WLKEC9N8,Coursera,Sep 2025,,INZ8WLKEC9N8
Tools for Data Science,https://www.coursera.org/account/accomplishments/records/3Q3UKT1LBHM7,IBM,Sep 2025,,3Q3UKT1LBHM7
H2O.ai Agents : From Theory to Practice,https://www.coursera.org/account/accomplishments/verify/WC93ASJMFFK8,H2O.ai,Sep 2025,,WC93ASJMFFK8
Generative and Agentic AI,https://www.coursera.org/account/accomplishments/records/24V08SUKJUO9,"Saïd Business School, University of Oxford",Sep 2025,,24V08SUKJUO9
Tools for Data Science (Specializatin 07 Cources),https://www.coursera.org/account/accomplishments/verify/3Q3UKT1LBHM7,IBM,Sep 2025,,3Q3UKT1LBHM7
AI Agent Architecture in Java with Generative AI,https://www.coursera.org/account/accomplishments/verify/0HCZAE3JHNZ3,Vanderbilt University,Sep 2025,,0HCZAE3JHNZ3
Generative AI Automation (Specialization 03 Cources),https://www.coursera.org/account/accomplishments/specialization/6BAWUYYLBH3Q,Vanderbilt University,Sep 2025,,6BAWUYYLBH3Q
AI Agents in Java with Generative AI,https://www.coursera.org/account/accomplishments/verify/BNWRC6LLZ5X2,Vanderbilt University,Sep 2025,,BNWRC6LLZ5X2
 Agentic prompt engineering,https://www.coursera.org/account/accomplishments/verify/SYRLBGTDQCXY,UiPath,Sep 2025,,SYRLBGTDQCXY
LangChain Course for LLM Application Development,https://www.coursera.org/account/accomplishments/verify/YO5C9D6GTVHV,Simplilearn,Sep 2025,,YO5C9D6GTVHV
LLM Benchmarking and Evaluation Training,https://www.coursera.org/account/accomplishments/verify/J4EOY2PJLPE4,Simplilearn,Sep 2025,,J4EOY2PJLPE4
LLM Fine-Tuning and Customization Training,https://www.coursera.org/account/accomplishments/verify/NF2PR6FJQ3CO,Simplilearn,Sep 2025,,NF2PR6FJQ3CO
H2O GPTe Learning Path,https://www.coursera.org/account/accomplishments/verify/12T9284QCMNM,H2O.ai,Sep 2025,,12T9284QCMNM
Open Source LLMOps Solutions,https://www.coursera.org/account/accomplishments/verify/CAMATOO1I393,Duke University,Sep 2025,,CAMATOO1I393
Introduction to Generative AI,https://www.coursera.org/account/accomplishments/verify/3HZ7ITSL9BRU,Duke University,Sep 2025,,3HZ7ITSL9BRU
Building Applications with DeepSeek,https://www.coursera.org/account/accomplishments/verify/EPOHIKJI8G9U,Board Infinity,Sep 2025,,EPOHIKJI8G9U
Building AI Agents with DeepSeek using Make.com,https://www.coursera.org/account/accomplishments/verify/FV19K2TRTF0G,Board Infinity,Sep 2025,,FV19K2TRTF0G
Build Intelligent Agents Using DeepSeek & N8N ,https://www.coursera.org/account/accomplishments/verify/HKR6QWOU2KVG,Board Infinity,Sep 2025,,HKR6QWOU2KVG
AI Development with DeepSeek for Developers,https://www.coursera.org/account/accomplishments/verify/GIDIGRY90AP7,Board Infinity,Sep 2025,,GIDIGRY90AP7
Databricks to Local LLMs,https://www.coursera.org/account/accomplishments/verify/ZNBAIDDDKVP9,Duke University,Sep 2025,,ZNBAIDDDKVP9
Intro to Model Context Protocol (MCP),https://www.coursera.org/account/accomplishments/verify/JO5K6DYTC267,Scrimba,Sep 2025,,JO5K6DYTC267
Introduction to Artificial Intelligence (AI),https://www.coursera.org/account/accomplishments/verify/ZY0HC9D9BKY5,IBM,Nov 2025,,ZY0HC9D9BKY5
Generative AI: Introduction and Applications,https://www.coursera.org/account/accomplishments/records/18XU4M5AZP48,IBM,Nov 2025,,18XU4M5AZP48
"Python for Data Science, AI & Development",https://www.coursera.org/account/accomplishments/records/6OTWGA9WVXWQ,IBM,Nov 2025,,6OTWGA9WVXWQ
Developing AI Applications with Python and Flask,https://www.coursera.org/account/accomplishments/records/YMH6NOSVFO52,IBM,Nov 2025,,YMH6NOSVFO52
Data Analysis with Python,https://www.coursera.org/account/accomplishments/verify/K4K4KQVXMFEI,IBM,Nov 2025,,K4K4KQVXMFEI
Introduction to Deep Learning & Neural Networks with Keras,https://www.coursera.org/account/accomplishments/records/AGX5U5PQIKVF,IBM,Nov 2025,,AGX5U5PQIKVF
IBM Generative AI Engineering (Specialization 16 Cources),https://www.coursera.org/account/accomplishments/specialization/EDRX8RLNOGAC,IBM,Nov 2025,,EDRX8RLNOGAC
Deep Learning with Keras and Tensorflow,https://www.coursera.org/account/accomplishments/records/U2PKPKDO0RTQ,IBM,Nov 2025,,U2PKPKDO0RTQ
PL-300T00: Design and Manage Analytics Solutions Using Power BI,https://www.koenig-solutions.com/certificate/certificate-authenticator/CNO-373241,Koenig Solutions Pvt. Ltd.,May 2025,,CNO-373241
AI Expert Aspirant,https://www.mygreatlearning.com/certificate/UDHOTBRP,Great Learning,Sep 2025,,UDHOTBRP
OpenAI GPTs: Creating Your Own Custom AI Assistants,https://www.coursera.org/account/accomplishments/records/T3TV97KKSJ4U,Vanderbilt University,Mar 2026,,T3TV97KKSJ4U
OpenAI GPTs: Creating Your Own Custom AI Assistants,https://www.coursera.org/account/accomplishments/verify/T3TV97KKSJ4U,Vanderbilt University,Mar 2026,,T3TV97KKSJ4U
Generative AI & AI Agent Organizational Strategy for Leaders,https://www.coursera.org/account/accomplishments/records/VUCYS92MNYQD,Vanderbilt University,Mar 2026,,VUCYS92MNYQD
Organizational Strategy with Generative AI & AI Agents,https://www.coursera.org/account/accomplishments/specialization/ACVDUON43WIJ,Vanderbilt University,Mar 2026,,ACVDUON43WIJ
Design AI Agents with OpenAI AgentKit,https://www.coursera.org/account/accomplishments/records/597YR82LOX5Z,Edureka,Mar 2026,,597YR82LOX5Z
Claude AI and Prompting for Everyone,https://www.coursera.org/account/accomplishments/verify/X3RA2LN6Y2QD,Edureka,Mar 2026,,X3RA2LN6Y2QD
Developing Applications with Claude API,https://www.coursera.org/account/accomplishments/verify/7841304HK0EK,Edureka,Mar 2026,,7841304HK0EK
Process Mining Mastery: Transform Data into Process Insights,https://www.udemy.com/certificate/UC-98a32f9e-333f-481b-9071-ad2d067b17ce/,Udemy,Mar 2026,,UC-98a32f9e-333f-481b-9071-ad2d067b17ce
AI for Everyone: Understanding and Applying the Basics,https://www.udemy.com/certificate/UC-8e7ef83b-03c0-453f-bba5-6e2a185cefa3/,Udemy,,,UC-8e7ef83b-03c0-453f-bba5-6e2a185cefa3
Generative AI and Prompt Engineering,https://www.udemy.com/certificate/UC-28dd1f36-4162-4dc0-83d0-290f47a28d17/,Udemy,Mar 2026,,UC-28dd1f36-4162-4dc0-83d0-290f47a28d17
Build an Army of Digital Workers with AI,https://www.udemy.com/certificate/UC-29a4508f-0ca7-4505-bcd8-93d96ae5ba03/,Udemy,,,UC-29a4508f-0ca7-4505-bcd8-93d96ae5ba03
No-Code Machine Learning: Practical Guide to Modern ML Tools,https://www.udemy.com/certificate/UC-d76f6e19-10b5-40af-85e1-f65b8d3ca623/,Udemy,Mar 2026,,UC-d76f6e19-10b5-40af-85e1-f65b8d3ca623
Copilot Essentials in Microsoft Office,https://www.udemy.com/certificate/UC-79cf3622-c6fe-4e1f-bd67-4f89e55ca89f/,Udemy,Mar 2026,,UC-79cf3622-c6fe-4e1f-bd67-4f89e55ca89f
The AI Ethics Course 2026: Work with AI Responsibly,https://www.udemy.com/certificate/UC-5ff4d915-518b-4be8-be8c-3f4b2c3686fe/,Udemy,Mar 2026,,UC-5ff4d915-518b-4be8-be8c-3f4b2c3686fe
"AI For Work: 12 Ways to Do Better Work, Faster",https://www.udemy.com/certificate/UC-72a22698-9386-4b12-a215-cad7a429258f/,Udemy,Mar 2026,,UC-72a22698-9386-4b12-a215-cad7a429258f
Databricks - Master Azure Databricks for Data Engineers,https://www.udemy.com/certificate/UC-b1ec0c21-cb43-495d-a5ee-4ccf105454ac/,Udemy,Mar 2026,,UC-b1ec0c21-cb43-495d-a5ee-4ccf105454ac
OpenAI API & ChatGPT for Automating & Business Productivity,https://www.udemy.com/certificate/UC-9a07ec28-4bfd-43a5-a5b6-9d33fdedae50/,Udemy,Mar 2026,,UC-9a07ec28-4bfd-43a5-a5b6-9d33fdedae50
Machine Learning Model Deployment with Streamlit,https://www.udemy.com/certificate/UC-db990948-ae3d-42c2-a815-633db3e83d57/,Udemy,Mar 2026,,UC-db990948-ae3d-42c2-a815-633db3e83d57
Statistics Foundations Professional,https://drive.google.com/file/d/1Fycvf98rGOgewgDJc-nkc6hVdLdL02vw/view?usp=drive_link,Wolfram,Mar 2026,,6a296b90d2352482173c8f3e6c4e735e363130cb1447b97e335548b085cb68d6
Career Essentials in Generative AI by Microsoft and LinkedIn,https://drive.google.com/file/d/16kA9YRaOzV6lxbvo2aVZEeDF_x0NM1bn/view?usp=drive_link,Microsoft,Mar 2026,,3744497f737318fb623a591f2b1ba40e3214fd37a7c8ad35726e6119e7b94ccc
Anaconda Python for Data Science Professional Certificate,https://drive.google.com/file/d/1a_Jv-2XX5ysxlo4s0AKt52nRRgwSz2fX/view?usp=drive_link,"Anaconda, Inc.",Mar 2026,,6cb0fbd1a472b9337be27e04e5008466d665715a8e838fc6fed2d22c6dd35d6b
AI Essentials ,https://www.coursera.org/account/accomplishments/records/HWXR9UK0270B,"Saïd Business School, University of Oxford",Mar 2026,,HWXR9UK0270B
AI Essentials ,https://www.coursera.org/account/accomplishments/verify/HWXR9UK0270B,"Saïd Business School, University of Oxford",Mar 2026,,HWXR9UK0270B
Claude Code in Action,https://verify.skilljar.com/c/5xy9tkgr5fau,Anthropic,Mar 2026,,5xy9tkgr5fau
"The AI Playbook for CEOs, Business Owners and Leaders",https://www.udemy.com/certificate/UC-23d1dee4-7ea5-4c7e-8967-39c3212e0771/,Udemy,Mar 2026,,UC-23d1dee4-7ea5-4c7e-8967-39c3212e0771
The Complete Generative AI for Business Analysis,https://www.udemy.com/certificate/UC-fcf0663e-1ead-4438-a075-a642e8f47233/,Udemy,Mar 2026,,UC-fcf0663e-1ead-4438-a075-a642e8f47233
"Excel Shortcuts, Excel Tips, Excel Tricks - Excel Skills!",https://www.udemy.com/certificate/UC-904c32fc-6a14-4274-aa15-7e014e295e2f/,Udemy,Apr 2026,,UC-904c32fc-6a14-4274-aa15-7e014e295e2f
Microsoft Excel Essentials & Excel Fundamentals: Excel 101,https://www.udemy.com/certificate/UC-f9e317c6-068d-4bf3-937e-b48524bb85b9/,Udemy,Apr 2026,,UC-f9e317c6-068d-4bf3-937e-b48524bb85b9
Mathematical Statistics for Data Science,https://www.udemy.com/certificate/UC-49037eea-8481-4c60-bf34-bb29104987a0/,Udemy,Apr 2026,,UC-49037eea-8481-4c60-bf34-bb29104987a0
Machine Learning for Absolute Beginners - Level 1,https://www.udemy.com/certificate/UC-306952ec-3286-4db5-bc00-1d8a97b6dbf8/,Udemy,Apr 2026,,UC-306952ec-3286-4db5-bc00-1d8a97b6dbf8
Introduction to Data Visualization,https://www.udemy.com/certificate/UC-78ad04c2-c7a6-4bcc-8af8-e2faef2b9486/,Udemy,Apr 2026,,UC-78ad04c2-c7a6-4bcc-8af8-e2faef2b9486
Python Python For Everybody ,https://www.udemy.com/certificate/UC-6dababcd-8801-4642-b5e4-7e8fd971f4cb/,Udemy,Apr 2026,,UC-6dababcd-8801-4642-b5e4-7e8fd971f4cb
Database AI Agents,https://www.udemy.com/certificate/UC-8896df5d-98ec-4275-9f6f-d05c105203d1/,Udemy,Apr 2026,,UC-8896df5d-98ec-4275-9f6f-d05c105203d1
AI Engineer Agentic Track,https://www.udemy.com/certificate/UC-df88da0b-b2af-4fa7-b636-52c01f412b64/,Udemy,Apr 2026,,UC-df88da0b-b2af-4fa7-b636-52c01f412b64
Agentic AI Engineering with LangChain & LangGraph,https://www.udemy.com/certificate/UC-c681f732-c1a3-4780-a772-c0e3903fa2f2/,Udemy,Apr 2026,,UC-c681f732-c1a3-4780-a772-c0e3903fa2f2
Leadership Skills,https://www.coursera.org/account/accomplishments/records/PJYB5RF9JKXT,Indian Institute of Management Ahmedabad (IIM Ahmedabad),Apr 2026,,PJYB5RF9JKXT
Supply Chain Digitization: Strategy and Design,https://www.coursera.org/account/accomplishments/records/567SBVD92WXX,Indian Institute of Management Ahmedabad (IIM Ahmedabad),Apr 2026,,567SBVD92WXX
Leading with a Digital Strategy,https://www.coursera.org/account/accomplishments/records/ZQWVBD2GKUS5,Indian Institute of Management Ahmedabad (IIM Ahmedabad),Apr 2026,,ZQWVBD2GKUS5
Advanced Data Techniques for Enterprise AI Systems,https://www.coursera.org/account/accomplishments/records/XC9OAG0S2VKY,iqigai by Fractal Analytics,Apr 2026,,XC9OAG0S2VKY
Communication Management | Project Management Fundamentals,https://www.udemy.com/certificate/UC-1b8b30fe-4cbb-48c4-b75e-17f3e804fdbf/,Udemy,Apr 2026,,UC-1b8b30fe-4cbb-48c4-b75e-17f3e804fdbf
LLM-Powered Automation,https://www.udemy.com/certificate/UC-32db7d37-5881-4cba-86f1-6966f9fc14e0/,Udemy,Apr 2026,,UC-32db7d37-5881-4cba-86f1-6966f9fc14e0
SDLC - Software Development Life Cycle SDLC,https://www.udemy.com/certificate/UC-c7aa363a-ca18-4faf-a3e6-4cdd70b6bf7c/,Udemy,Apr 2026,,UC-c7aa363a-ca18-4faf-a3e6-4cdd70b6bf7c
Leadership Skills for Project Managers,https://www.udemy.com/certificate/UC-b0431f72-c6d4-4262-8a01-dd90b8d059d6/,Udemy,Apr 2026,,UC-b0431f72-c6d4-4262-8a01-dd90b8d059d6
Data Structures and Algorithms,https://www.udemy.com/certificate/UC-d96ebc5c-7409-4bce-9d42-6fb2b312285b/,Udemy,Apr 2026,,UC-d96ebc5c-7409-4bce-9d42-6fb2b312285b
Advanced Retrieval Augmented Generation,https://www.udemy.com/certificate/UC-c0c2e865-400f-4a3f-9033-b3ea8b70c8d2/,Udemy,Apr 2026,,UC-c0c2e865-400f-4a3f-9033-b3ea8b70c8d2
"Generative AI: Master tools like ChatGPT, Midjourney & more",https://www.udemy.com/certificate/UC-fd561150-55fd-48f5-acda-8b7b14e13b37/,Udemy,Apr 2026,,UC-fd561150-55fd-48f5-acda-8b7b14e13b37
Generative AI to AI Agent Masterclass for Software Engineers,https://www.udemy.com/certificate/UC-a7b0ab79-29d3-46c8-b9b7-c6a041bc5667/,Udemy,Apr 2026,,UC-a7b0ab79-29d3-46c8-b9b7-c6a041bc5667
ChatGPT Crash Course,https://www.udemy.com/certificate/UC-9b482ada-424b-4945-a1f6-8cb13100f5cb/,Udemy,Apr 2026,,UC-9b482ada-424b-4945-a1f6-8cb13100f5cb
PMP Creating and Using a Work Breakdown Structure,https://www.udemy.com/certificate/UC-f9210dbb-3472-4a37-b8cd-823a8e3e75da/,Udemy,Apr 2026,,UC-f9210dbb-3472-4a37-b8cd-823a8e3e75da
Project Management Essentials,https://www.udemy.com/certificate/UC-df0347ee-12e3-4fed-b263-cec5aaf3fc41/,Udemy,,,UC-df0347ee-12e3-4fed-b263-cec5aaf3fc41
AI for Leaders & Program Managers: Strategy to Deployment,https://www.udemy.com/certificate/UC-b5f6a3ca-666d-49df-abf2-cf040146c37d/,Udemy,Apr 2026,,UC-b5f6a3ca-666d-49df-abf2-cf040146c37d
Certified Lean Specialist | Lean Management (Accredited),https://www.udemy.com/certificate/UC-322f95d6-8d7c-4106-aa73-9e3da6306dd4/,Advanced Innovation Group Pro Excellence (AIGPE™),Apr 2026,,UC-322f95d6-8d7c-4106-aa73-9e3da6306dd4
"Complete Prompt Engineering, ChatGPT & AI Bootcamp",https://www.udemy.com/certificate/UC-e58b3f2c-18bb-42f8-b76c-475aa924133e/,Udemy,Apr 2026,,UC-e58b3f2c-18bb-42f8-b76c-475aa924133e
"Math for Data science,Data analysis and Machine Learning",https://www.udemy.com/certificate/UC-04ee05c4-85bb-4558-aa5d-96dff8944933/,Udemy,Apr 2026,,UC-04ee05c4-85bb-4558-aa5d-96dff8944933
Certified Lean Management Expert,https://www.udemy.com/certificate/UC-c983bc22-8e11-4f5b-ac20-94a04db5c966/,Udemy,Apr 2026,,UC-c983bc22-8e11-4f5b-ac20-94a04db5c966
Practical AI with Python and Reinforcement Learning,https://www.udemy.com/certificate/UC-6f992c24-714f-4213-9ace-64f313f3ac84/,Udemy,Apr 2026,,UC-6f992c24-714f-4213-9ace-64f313f3ac84
NVIDIA GenAI & LLMs,https://www.udemy.com/certificate/UC-d2cae796-1fd4-479b-9715-f3850c284f47/,Udemy,Apr 2026,,UC-d2cae796-1fd4-479b-9715-f3850c284f47
Associate Generative AI (NCA-GENL) Exam Prep Course 2026,https://www.udemy.com/certificate/UC-e1c1d8c8-4305-47c4-b8de-f72292e780d2/,Udemy,Apr 2026,,UC-e1c1d8c8-4305-47c4-b8de-f72292e780d2
